year	year_id	team_id	team_name	jersey_number	player_id	player_name	player_url	position	height	class_year	games_played	games_started
2016	12260	30093	AUM	03	1747896.0	Banks, Khalid	http://stats.ncaa.org/player?game_sport_year_ctl_id=12260&stats_player_seq=1747896.0	""	-	N/A	4	0
2016	12260	30093	AUM	11	1525822.0	Carnley, Jake	http://stats.ncaa.org/player?game_sport_year_ctl_id=12260&stats_player_seq=1525822.0	""	-	So	2	0
2016	12260	30093	AUM	03	1525819.0	Davis, Quay	http://stats.ncaa.org/player?game_sport_year_ctl_id=12260&stats_player_seq=1525819.0	""	-	So	0	0
2016	12260	30093	AUM	00	1747894.0	DeRamus, Desmond	http://stats.ncaa.org/player?game_sport_year_ctl_id=12260&stats_player_seq=1747894.0	G	-	N/A	5	5
2016	12260	30093	AUM	22	1750751.0	Eager, Romoane	http://stats.ncaa.org/player?game_sport_year_ctl_id=12260&stats_player_seq=1750751.0	""	-	N/A	1	0
2016	12260	30093	AUM	20	1747899.0	Eubanks, Reagan	http://stats.ncaa.org/player?game_sport_year_ctl_id=12260&stats_player_seq=1747899.0	""	-	N/A	5	4
2016	12260	30093	AUM	10	1525821.0	Harrell, Tristen	http://stats.ncaa.org/player?game_sport_year_ctl_id=12260&stats_player_seq=1525821.0	""	-	So	1	0
2016	12260	30093	AUM	25	1525824.0	Harris, Paul	http://stats.ncaa.org/player?game_sport_year_ctl_id=12260&stats_player_seq=1525824.0	""	-	So	3	1
2016	12260	30093	AUM	32	1525825.0	Howard, Brandon	http://stats.ncaa.org/player?game_sport_year_ctl_id=12260&stats_player_seq=1525825.0	""	-	So	0	0
2016	12260	30093	AUM	15	1748061.0	Jackson, Marcus	http://stats.ncaa.org/player?game_sport_year_ctl_id=12260&stats_player_seq=1748061.0	""	-	N/A	2	0
2016	12260	30093	AUM	04	1525820.0	Jones, Spencer	http://stats.ncaa.org/player?game_sport_year_ctl_id=12260&stats_player_seq=1525820.0	""	-	So	5	5
2016	12260	30093	AUM	32	1747900.0	McCoy, Julius	http://stats.ncaa.org/player?game_sport_year_ctl_id=12260&stats_player_seq=1747900.0	G	-	N/A	4	1
2016	12260	30093	AUM	00	1525816.0	Murphy, Leshaun	http://stats.ncaa.org/player?game_sport_year_ctl_id=12260&stats_player_seq=1525816.0	""	-	So	0	0
2016	12260	30093	AUM	01	1525817.0	Person, Brett	http://stats.ncaa.org/player?game_sport_year_ctl_id=12260&stats_player_seq=1525817.0	""	-	So	0	0
2016	12260	30093	AUM	02	1747895.0	Rankin, Phillip	http://stats.ncaa.org/player?game_sport_year_ctl_id=12260&stats_player_seq=1747895.0	F	-	N/A	4	4
2016	12260	30093	AUM	05	1747897.0	Robinson, Rodrick	http://stats.ncaa.org/player?game_sport_year_ctl_id=12260&stats_player_seq=1747897.0	F	-	N/A	1	1
2016	12260	30093	AUM	12	1750750.0	Thompson, Bobby	http://stats.ncaa.org/player?game_sport_year_ctl_id=12260&stats_player_seq=1750750.0	""	-	N/A	1	0
2016	12260	30093	AUM	22	1525823.0	Wade, Da'Keidres	http://stats.ncaa.org/player?game_sport_year_ctl_id=12260&stats_player_seq=1525823.0	""	-	So	0	0
2016	12260	30093	AUM	02	1525818.0	Washington, Keith	http://stats.ncaa.org/player?game_sport_year_ctl_id=12260&stats_player_seq=1525818.0	""	-	So	0	0
2016	12260	30093	AUM	14	1747898.0	White, Jeffery	http://stats.ncaa.org/player?game_sport_year_ctl_id=12260&stats_player_seq=1747898.0	""	-	N/A	5	4
2016	12260	30123	Academy of Art	12	1625434.0	Cary, Nick	http://stats.ncaa.org/player?game_sport_year_ctl_id=12260&stats_player_seq=1625434.0	G	6-3	Sr	15	15
2016	12260	30123	Academy of Art	24	1625431.0	Harrison, Jase	http://stats.ncaa.org/player?game_sport_year_ctl_id=12260&stats_player_seq=1625431.0	G	6-3	So	15	15
2016	12260	30123	Academy of Art	04	1625433.0	McMahan, Marshawn	http://stats.ncaa.org/player?game_sport_year_ctl_id=12260&stats_player_seq=1625433.0	G	6-0	Jr	15	0
2016	12260	30123	Academy of Art	02		O'Donnell, Blake		G	6-3	Jr	0	0
2016	12260	30123	Academy of Art	03	1625432.0	Okeneme, Uchenna	http://stats.ncaa.org/player?game_sport_year_ctl_id=12260&stats_player_seq=1625432.0	G	6-1	So	15	15
2016	12260	30123	Academy of Art	14	1511141.0	Pratt, Herman	http://stats.ncaa.org/player?game_sport_year_ctl_id=12260&stats_player_seq=1511141.0	G	5-11	Jr	15	15
2016	12260	30123	Academy of Art	15	1625435.0	Sabino, Tyler	http://stats.ncaa.org/player?game_sport_year_ctl_id=12260&stats_player_seq=1625435.0	F	6-6	Jr	13	7
2016	12260	30123	Academy of Art	22	1741814.0	Salas, Chris	http://stats.ncaa.org/player?game_sport_year_ctl_id=12260&stats_player_seq=1741814.0	G	6-3	Jr	15	1
2016	12260	30123	Academy of Art	33	1625436.0	Stokes, Trent	http://stats.ncaa.org/player?game_sport_year_ctl_id=12260&stats_player_seq=1625436.0	C	6-8	Sr	11	7
2016	12260	30123	Academy of Art	10	1511139.0	Valdeolmillos, Sergio	http://stats.ncaa.org/player?game_sport_year_ctl_id=12260&stats_player_seq=1511139.0	G	6-2	Jr	15	0
2016	12260	30123	Academy of Art	11	1741813.0	Williams, Cobe	http://stats.ncaa.org/player?game_sport_year_ctl_id=12260&stats_player_seq=1741813.0	G	5-11	Fr	13	0
2016	12260	929	Adams St.	02	1740770.0	Austin, Joe Bell	http://stats.ncaa.org/player?game_sport_year_ctl_id=12260&stats_player_seq=1740770.0	G	5-10	Sr	16	15
2016	12260	929	Adams St.	10	1740773.0	Buck, Jake	http://stats.ncaa.org/player?game_sport_year_ctl_id=12260&stats_player_seq=1740773.0	G	5-10	Jr	14	0
2016	12260	929	Adams St.	15	1740775.0	Caton, Ethan	http://stats.ncaa.org/player?game_sport_year_ctl_id=12260&stats_player_seq=1740775.0	F	6-6	Fr	16	1
2016	12260	929	Adams St.	11	1740774.0	Grant-Perry, King	http://stats.ncaa.org/player?game_sport_year_ctl_id=12260&stats_player_seq=1740774.0	F	6-5	Fr	13	0
2016	12260	929	Adams St.	24	1625764.0	Grover, Kendyl	http://stats.ncaa.org/player?game_sport_year_ctl_id=12260&stats_player_seq=1625764.0	F	6-8	Sr	13	12
2016	12260	929	Adams St.	00	1740768.0	Hubbard II, EJ	http://stats.ncaa.org/player?game_sport_year_ctl_id=12260&stats_player_seq=1740768.0	G	6-4	Jr	16	16
2016	12260	929	Adams St.	1	1740769.0	Machado, Vitor	http://stats.ncaa.org/player?game_sport_year_ctl_id=12260&stats_player_seq=1740769.0	G	6-0	Sr	16	0
2016	12260	929	Adams St.	33	1740776.0	Mioc, Ante	http://stats.ncaa.org/player?game_sport_year_ctl_id=12260&stats_player_seq=1740776.0	F	6-10	Jr	15	3
2016	12260	929	Adams St.	3	1740771.0	Morgan, DJ	http://stats.ncaa.org/player?game_sport_year_ctl_id=12260&stats_player_seq=1740771.0	F	6-5	Jr	16	13
2016	12260	929	Adams St.	4	1740772.0	Muongvang, Darien	http://stats.ncaa.org/player?game_sport_year_ctl_id=12260&stats_player_seq=1740772.0	G	6-3	Jr	3	0
2016	12260	929	Adams St.	5	1625759.0	Smith, Shakir	http://stats.ncaa.org/player?game_sport_year_ctl_id=12260&stats_player_seq=1625759.0	G	6-1	Sr	16	16
2016	12260	929	Adams St.	21	1625762.0	Umoru, Bryan	http://stats.ncaa.org/player?game_sport_year_ctl_id=12260&stats_player_seq=1625762.0	G	6-5	Jr	16	4
2016	12260	3	Adelphi	23	1746334.0	Cambio, Nick	http://stats.ncaa.org/player?game_sport_year_ctl_id=12260&stats_player_seq=1746334.0	F	6-7	Fr	14	0
2016	12260	3	Adelphi	30	1624199.0	Coffey, Michael	http://stats.ncaa.org/player?game_sport_year_ctl_id=12260&stats_player_seq=1624199.0	G	6-1	So	18	18
2016	12260	3	Adelphi	21	1400536.0	DeNicola, Ryan	http://stats.ncaa.org/player?game_sport_year_ctl_id=12260&stats_player_seq=1400536.0	C	6-7	Sr	18	18
2016	12260	3	Adelphi	24	1508865.0	Ferguson, John	http://stats.ncaa.org/player?game_sport_year_ctl_id=12260&stats_player_seq=1508865.0	G	6-4	Jr	4	0
2016	12260	3	Adelphi	1	1746335.0	Ginyard, Tavon	http://stats.ncaa.org/player?game_sport_year_ctl_id=12260&stats_player_seq=1746335.0	F	5-10	Fr	18	0
2016	12260	3	Adelphi	12	1624200.0	Jenkins, Justin	http://stats.ncaa.org/player?game_sport_year_ctl_id=12260&stats_player_seq=1624200.0	G	6-1	Sr	9	9
2016	12260	3	Adelphi	25	1624201.0	John, Christopher	http://stats.ncaa.org/player?game_sport_year_ctl_id=12260&stats_player_seq=1624201.0	G	5-11	Jr	0	0
2016	12260	3	Adelphi	11	1746336.0	Kelman-Poto, Dom	http://stats.ncaa.org/player?game_sport_year_ctl_id=12260&stats_player_seq=1746336.0	F	6-7	Fr	18	1
2016	12260	3	Adelphi	15	1746337.0	Laffey, Jack	http://stats.ncaa.org/player?game_sport_year_ctl_id=12260&stats_player_seq=1746337.0	G	6-5	Fr	17	1
2016	12260	3	Adelphi	10	1400532.0	Libroia, Anthony	http://stats.ncaa.org/player?game_sport_year_ctl_id=12260&stats_player_seq=1400532.0	G	5-10	Sr	18	18
2016	12260	3	Adelphi	03	1746338.0	McGuinness, Conor	http://stats.ncaa.org/player?game_sport_year_ctl_id=12260&stats_player_seq=1746338.0	G	5-9	Fr	18	8
2016	12260	3	Adelphi	20	1746339.0	Singh, Satwinder	http://stats.ncaa.org/player?game_sport_year_ctl_id=12260&stats_player_seq=1746339.0	F	5-9	So	3	0
2016	12260	3	Adelphi	44	1746340.0	Suarez, Manny	http://stats.ncaa.org/player?game_sport_year_ctl_id=12260&stats_player_seq=1746340.0	C	6-10	So	17	17
2016	12260	10	Ala.-Huntsville	22		Anderson, David		G	6-0	Fr	0	0
2016	12260	10	Ala.-Huntsville	35		Barkley, Dalton		F	6-6	Fr	0	0
2016	12260	10	Ala.-Huntsville	4		Cook-Stroupe, Malik		G	6-2	Fr	0	0
2016	12260	10	Ala.-Huntsville	5	1634410.0	Daniels, Russ	http://stats.ncaa.org/player?game_sport_year_ctl_id=12260&stats_player_seq=1634410.0	G	6-0	Fr	3	0
2016	12260	10	Ala.-Huntsville	1	1520523.0	Elliot, Chayse	http://stats.ncaa.org/player?game_sport_year_ctl_id=12260&stats_player_seq=1520523.0	G	6-2	So	15	0
2016	12260	10	Ala.-Huntsville	15	1634411.0	Finley, Tanner	http://stats.ncaa.org/player?game_sport_year_ctl_id=12260&stats_player_seq=1634411.0	G	6-4	Fr	14	0
2016	12260	10	Ala.-Huntsville	12	1410656.0	Gardner, Greg	http://stats.ncaa.org/player?game_sport_year_ctl_id=12260&stats_player_seq=1410656.0	G	6-5	Sr	16	16
2016	12260	10	Ala.-Huntsville	23	1634412.0	Garrison, Elijah	http://stats.ncaa.org/player?game_sport_year_ctl_id=12260&stats_player_seq=1634412.0	G	6-3	Fr	2	0
2016	12260	10	Ala.-Huntsville	0	1410655.0	Gilmore, Michael	http://stats.ncaa.org/player?game_sport_year_ctl_id=12260&stats_player_seq=1410655.0	G	6-0	Jr	16	1
2016	12260	10	Ala.-Huntsville	31	1634413.0	Herring, Preston	http://stats.ncaa.org/player?game_sport_year_ctl_id=12260&stats_player_seq=1634413.0	F	6-8	Sr	16	16
2016	12260	10	Ala.-Huntsville	20		Komara, Johnny		G	6-1	Fr	0	0
2016	12260	10	Ala.-Huntsville	11	1634415.0	Langley, Collin	http://stats.ncaa.org/player?game_sport_year_ctl_id=12260&stats_player_seq=1634415.0	G	5-10	Jr	7	0
2016	12260	10	Ala.-Huntsville	30	1520525.0	Owens, Kip	http://stats.ncaa.org/player?game_sport_year_ctl_id=12260&stats_player_seq=1520525.0	F	6-9	So	16	0
2016	12260	10	Ala.-Huntsville	10	1298842.0	Palmer, Spencer	http://stats.ncaa.org/player?game_sport_year_ctl_id=12260&stats_player_seq=1298842.0	G	6-3	Sr	13	0
2016	12260	10	Ala.-Huntsville	3	1746159.0	Roberts, Brandon	http://stats.ncaa.org/player?game_sport_year_ctl_id=12260&stats_player_seq=1746159.0	G	6-1	Jr	16	15
2016	12260	10	Ala.-Huntsville	13	1410657.0	Saxton, Troy	http://stats.ncaa.org/player?game_sport_year_ctl_id=12260&stats_player_seq=1410657.0	G	6-2	Jr	16	16
2016	12260	10	Ala.-Huntsville	34	1520526.0	Ward, Justin	http://stats.ncaa.org/player?game_sport_year_ctl_id=12260&stats_player_seq=1520526.0	G	6-6	So	16	0
2016	12260	10	Ala.-Huntsville	24	1520524.0	Webster, Seab	http://stats.ncaa.org/player?game_sport_year_ctl_id=12260&stats_player_seq=1520524.0	F	6-6	Jr	16	16
2016	12260	11	Alas. Anchorage	22	1627207.0	Berg, Sjur	http://stats.ncaa.org/player?game_sport_year_ctl_id=12260&stats_player_seq=1627207.0	F	6-7	So	4	4
2016	12260	11	Alas. Anchorage	13	1627210.0	Fulp, Damien	http://stats.ncaa.org/player?game_sport_year_ctl_id=12260&stats_player_seq=1627210.0	G	6-2	Fr	15	0
2016	12260	11	Alas. Anchorage	25	1719740.0	Hammell, Corey	http://stats.ncaa.org/player?game_sport_year_ctl_id=12260&stats_player_seq=1719740.0	F	6-6	Jr	19	19
2016	12260	11	Alas. Anchorage	1	1298674.0	Leckband, Christian	http://stats.ncaa.org/player?game_sport_year_ctl_id=12260&stats_player_seq=1298674.0	F	6-7	Sr	19	1
2016	12260	11	Alas. Anchorage	32	1510757.0	McGill, Brian	http://stats.ncaa.org/player?game_sport_year_ctl_id=12260&stats_player_seq=1510757.0	G	6-2	Sr	6	0
2016	12260	11	Alas. Anchorage	45	1510761.0	McTier, Jackson	http://stats.ncaa.org/player?game_sport_year_ctl_id=12260&stats_player_seq=1510761.0	F	6-7	So	13	1
2016	12260	11	Alas. Anchorage	11	1719737.0	Mitchell, Diante	http://stats.ncaa.org/player?game_sport_year_ctl_id=12260&stats_player_seq=1719737.0	G	6-1	Jr	18	18
2016	12260	11	Alas. Anchorage	23	1627212.0	Parrish, Travis	http://stats.ncaa.org/player?game_sport_year_ctl_id=12260&stats_player_seq=1627212.0	G	6-3	Jr	18	3
2016	12260	11	Alas. Anchorage	35	1627215.0	Pearson, Brian	http://stats.ncaa.org/player?game_sport_year_ctl_id=12260&stats_player_seq=1627215.0	F	6-8	So	10	3
2016	12260	11	Alas. Anchorage	21	1719744.0	Peterson, Drew	http://stats.ncaa.org/player?game_sport_year_ctl_id=12260&stats_player_seq=1719744.0	F	6-4	Jr	15	1
2016	12260	11	Alas. Anchorage	14		Ryan, Curtis		C	6-9	Fr	0	0
2016	12260	11	Alas. Anchorage	3		Simmers, Augustus		F	6-4	Jr	0	0
2016	12260	11	Alas. Anchorage	20	1719743.0	Svejcar, Spencer	http://stats.ncaa.org/player?game_sport_year_ctl_id=12260&stats_player_seq=1719743.0	G	6-4	Jr	19	18
2016	12260	11	Alas. Anchorage	24	1719739.0	Thompson, Tayler	http://stats.ncaa.org/player?game_sport_year_ctl_id=12260&stats_player_seq=1719739.0	F	6-8	Jr	15	8
2016	12260	11	Alas. Anchorage	2	1719741.0	Wiggs, Sekou	http://stats.ncaa.org/player?game_sport_year_ctl_id=12260&stats_player_seq=1719741.0	G	6-4	Jr	19	19
2016	12260	12	Alas. Fairbanks	22	1624112.0	Carlson, Kyle	http://stats.ncaa.org/player?game_sport_year_ctl_id=12260&stats_player_seq=1624112.0	G	6-4	Fr	3	0
2016	12260	12	Alas. Fairbanks	10	1745351.0	Chavez, Neal	http://stats.ncaa.org/player?game_sport_year_ctl_id=12260&stats_player_seq=1745351.0	F	6-4	Jr	15	0
2016	12260	12	Alas. Fairbanks	31	1745355.0	Davis, Brandon	http://stats.ncaa.org/player?game_sport_year_ctl_id=12260&stats_player_seq=1745355.0	G	6-0	Jr	16	8
2016	12260	12	Alas. Fairbanks	03	1624106.0	Duncan, Alex	http://stats.ncaa.org/player?game_sport_year_ctl_id=12260&stats_player_seq=1624106.0	G	6-1	Sr	16	4
2016	12260	12	Alas. Fairbanks	12	1745352.0	Dupree, Jalen	http://stats.ncaa.org/player?game_sport_year_ctl_id=12260&stats_player_seq=1745352.0	G	6-0	Jr	2	0
2016	12260	12	Alas. Fairbanks	11	1624109.0	Edwards, Ashton	http://stats.ncaa.org/player?game_sport_year_ctl_id=12260&stats_player_seq=1624109.0	G	6-1	Sr	6	4
2016	12260	12	Alas. Fairbanks	35	1624116.0	Hadzisehovic, Almir	http://stats.ncaa.org/player?game_sport_year_ctl_id=12260&stats_player_seq=1624116.0	F	6-8	Sr	14	14
2016	12260	12	Alas. Fairbanks	13	1745356.0	Kaba, Bangaly	http://stats.ncaa.org/player?game_sport_year_ctl_id=12260&stats_player_seq=1745356.0	F	6-6	Jr	16	16
2016	12260	12	Alas. Fairbanks	40	1624117.0	Ladines, Isaac	http://stats.ncaa.org/player?game_sport_year_ctl_id=12260&stats_player_seq=1624117.0	C	6-8	Sr	16	2
2016	12260	12	Alas. Fairbanks	21	1745353.0	Pederson, Zach	http://stats.ncaa.org/player?game_sport_year_ctl_id=12260&stats_player_seq=1745353.0	F	6-6	Jr	16	0
2016	12260	12	Alas. Fairbanks	50	1515861.0	Renfro, John	http://stats.ncaa.org/player?game_sport_year_ctl_id=12260&stats_player_seq=1515861.0	F	6-7	Sr	7	0
2016	12260	12	Alas. Fairbanks	4	1624107.0	Scarver, Derritt	http://stats.ncaa.org/player?game_sport_year_ctl_id=12260&stats_player_seq=1624107.0	G	6-2	Fr	3	0
2016	12260	12	Alas. Fairbanks	20	1745350.0	Slocum, Joe	http://stats.ncaa.org/player?game_sport_year_ctl_id=12260&stats_player_seq=1745350.0	G	6-3	Sr	16	16
2016	12260	12	Alas. Fairbanks	24	1745354.0	Williams, Travante	http://stats.ncaa.org/player?game_sport_year_ctl_id=12260&stats_player_seq=1745354.0	F	6-4	Sr	16	16
2016	12260	13	Albany St. (GA)	32	1634693.0	Dixon, Lance	http://stats.ncaa.org/player?game_sport_year_ctl_id=12260&stats_player_seq=1634693.0	F	6-5	So	13	2
2016	12260	13	Albany St. (GA)	12	1748956.0	Dungee, Malik	http://stats.ncaa.org/player?game_sport_year_ctl_id=12260&stats_player_seq=1748956.0	""	-	N/A	14	1
2016	12260	13	Albany St. (GA)	10	1745689.0	Farnum, Earl	http://stats.ncaa.org/player?game_sport_year_ctl_id=12260&stats_player_seq=1745689.0	F	6-5	Sr	14	13
2016	12260	13	Albany St. (GA)	11	1745690.0	Floyd, Jordan	http://stats.ncaa.org/player?game_sport_year_ctl_id=12260&stats_player_seq=1745690.0	G	6-2	Fr	14	12
2016	12260	13	Albany St. (GA)	23	1634690.0	Green, Michael	http://stats.ncaa.org/player?game_sport_year_ctl_id=12260&stats_player_seq=1634690.0	G	5-11	Fr	13	9
2016	12260	13	Albany St. (GA)	30	1745695.0	Hudson, Brandon	http://stats.ncaa.org/player?game_sport_year_ctl_id=12260&stats_player_seq=1745695.0	G	6-3	Jr	4	0
2016	12260	13	Albany St. (GA)	4	1745688.0	Hughes, Khaliq	http://stats.ncaa.org/player?game_sport_year_ctl_id=12260&stats_player_seq=1745688.0	G	6-1	So	14	12
2016	12260	13	Albany St. (GA)	21	1745693.0	Inman, Miles	http://stats.ncaa.org/player?game_sport_year_ctl_id=12260&stats_player_seq=1745693.0	G	6-3	Jr	1	0
2016	12260	13	Albany St. (GA)	33	1748957.0	Miller, Keldreion	http://stats.ncaa.org/player?game_sport_year_ctl_id=12260&stats_player_seq=1748957.0	""	-	N/A	14	6
2016	12260	13	Albany St. (GA)	20	1745692.0	Pollard, Dominique	http://stats.ncaa.org/player?game_sport_year_ctl_id=12260&stats_player_seq=1745692.0	G	6-2	Sr	11	1
2016	12260	13	Albany St. (GA)	34	1745696.0	Pope, Devonte	http://stats.ncaa.org/player?game_sport_year_ctl_id=12260&stats_player_seq=1745696.0	G	6-3	Fr	6	0
2016	12260	13	Albany St. (GA)	22	1745694.0	Rose, Timothy	http://stats.ncaa.org/player?game_sport_year_ctl_id=12260&stats_player_seq=1745694.0	G	5-11	Fr	14	1
2016	12260	13	Albany St. (GA)	15	1745691.0	Snearl, Jayson	http://stats.ncaa.org/player?game_sport_year_ctl_id=12260&stats_player_seq=1745691.0	F	6-6	So	14	6
2016	12260	13	Albany St. (GA)	44	1750042.0	Ward, Devontay	http://stats.ncaa.org/player?game_sport_year_ctl_id=12260&stats_player_seq=1750042.0	""	-	N/A	8	7
2016	12260	13	Albany St. (GA)	24	1634689.0	Wheeler, Chris	http://stats.ncaa.org/player?game_sport_year_ctl_id=12260&stats_player_seq=1634689.0	F	6-5	Sr	3	0
2016	12260	934	Alderson Broaddus	25	1531547.0	Artinano, Imanol	http://stats.ncaa.org/player?game_sport_year_ctl_id=12260&stats_player_seq=1531547.0	F	6-8	Jr	16	0
2016	12260	934	Alderson Broaddus	34	1635699.0	Cugini, Angelo	http://stats.ncaa.org/player?game_sport_year_ctl_id=12260&stats_player_seq=1635699.0	F	6-7	So	10	4
2016	12260	934	Alderson Broaddus	10	1741354.0	Davis, Lawrence	http://stats.ncaa.org/player?game_sport_year_ctl_id=12260&stats_player_seq=1741354.0	F	6-4	Sr	5	0
2016	12260	934	Alderson Broaddus	11	1741355.0	Foster, Dorrell	http://stats.ncaa.org/player?game_sport_year_ctl_id=12260&stats_player_seq=1741355.0	F	6-6	Jr	16	4
2016	12260	934	Alderson Broaddus	20	1635701.0	Harper, Chavez	http://stats.ncaa.org/player?game_sport_year_ctl_id=12260&stats_player_seq=1635701.0	F	6-5	So	16	12
2016	12260	934	Alderson Broaddus	5	1510648.0	Haywood, Jordan	http://stats.ncaa.org/player?game_sport_year_ctl_id=12260&stats_player_seq=1510648.0	C	4-0	So	13	5
2016	12260	934	Alderson Broaddus	24	1741356.0	Huffman, Skylar	http://stats.ncaa.org/player?game_sport_year_ctl_id=12260&stats_player_seq=1741356.0	G	6-0	Jr	5	0
2016	12260	934	Alderson Broaddus	15	1404674.0	Lemon, Richard	http://stats.ncaa.org/player?game_sport_year_ctl_id=12260&stats_player_seq=1404674.0	F	6-4	Sr	16	16
2016	12260	934	Alderson Broaddus	04	1404677.0	Miller, Ron	http://stats.ncaa.org/player?game_sport_year_ctl_id=12260&stats_player_seq=1404677.0	G	6-1	Sr	16	4
2016	12260	934	Alderson Broaddus	35	1510651.0	Perkins, Thylas	http://stats.ncaa.org/player?game_sport_year_ctl_id=12260&stats_player_seq=1510651.0	F	6-4	Sr	16	16
2016	12260	934	Alderson Broaddus	3	1510652.0	Shamdeen, Sanar	http://stats.ncaa.org/player?game_sport_year_ctl_id=12260&stats_player_seq=1510652.0	G	5-8	Jr	15	4
2016	12260	934	Alderson Broaddus	33	1741357.0	Smith, Ohndo	http://stats.ncaa.org/player?game_sport_year_ctl_id=12260&stats_player_seq=1741357.0	C	6-8	Jr	5	0
2016	12260	934	Alderson Broaddus	22	1404675.0	Tatum, Malcolm	http://stats.ncaa.org/player?game_sport_year_ctl_id=12260&stats_player_seq=1404675.0	G	6-2	Sr	15	15
2016	12260	934	Alderson Broaddus	32		Vargo, Justin		G	6-1	Fr	0	0
2016	12260	22	American Int'l	44	1412755.0	Assie, Oscar	http://stats.ncaa.org/player?game_sport_year_ctl_id=12260&stats_player_seq=1412755.0	F	6-7	Sr	16	8
2016	12260	22	American Int'l	20	1636411.0	Bilewu, Lateef	http://stats.ncaa.org/player?game_sport_year_ctl_id=12260&stats_player_seq=1636411.0	C	5-9	So	1	0
2016	12260	22	American Int'l	1	1631242.0	Burrell, Trahmier	http://stats.ncaa.org/player?game_sport_year_ctl_id=12260&stats_player_seq=1631242.0	G	6-4	Sr	16	12
2016	12260	22	American Int'l	13	1748241.0	Daniel, Justin	http://stats.ncaa.org/player?game_sport_year_ctl_id=12260&stats_player_seq=1748241.0	F	6-4	Jr	15	1
2016	12260	22	American Int'l	3	1631243.0	Dobbs, Cameron	http://stats.ncaa.org/player?game_sport_year_ctl_id=12260&stats_player_seq=1631243.0	G	6-0	Sr	16	14
2016	12260	22	American Int'l	34	1749989.0	Howard, Rasheed	http://stats.ncaa.org/player?game_sport_year_ctl_id=12260&stats_player_seq=1749989.0	F	6-6	Jr	9	6
2016	12260	22	American Int'l	23	1748125.0	Moody, Juwan	http://stats.ncaa.org/player?game_sport_year_ctl_id=12260&stats_player_seq=1748125.0	G	6-0	Jr	16	9
2016	12260	22	American Int'l	12	1748124.0	Pitts-Young, Jayvon	http://stats.ncaa.org/player?game_sport_year_ctl_id=12260&stats_player_seq=1748124.0	G	6-0	Fr	16	0
2016	12260	22	American Int'l	0	1522410.0	Risch, Max	http://stats.ncaa.org/player?game_sport_year_ctl_id=12260&stats_player_seq=1522410.0	F	6-7	Jr	16	7
2016	12260	22	American Int'l	5	1748123.0	Spruell, Bruce	http://stats.ncaa.org/player?game_sport_year_ctl_id=12260&stats_player_seq=1748123.0	G	6-4	Fr	16	14
2016	12260	22	American Int'l	31	1631246.0	Vilfort, Henry	http://stats.ncaa.org/player?game_sport_year_ctl_id=12260&stats_player_seq=1631246.0	G	5-10	Jr	1	0
2016	12260	22	American Int'l	24	1748126.0	Williams, Todd	http://stats.ncaa.org/player?game_sport_year_ctl_id=12260&stats_player_seq=1748126.0	G	4-0	Fr	1	0
2016	12260	22	American Int'l	15	1749098.0	Woodward, Nolan	http://stats.ncaa.org/player?game_sport_year_ctl_id=12260&stats_player_seq=1749098.0	F	6-4	So	13	4
2016	12260	13028	Anderson (SC)	2	1734802.0	Benard, Shawn	http://stats.ncaa.org/player?game_sport_year_ctl_id=12260&stats_player_seq=1734802.0	G	5-11	Fr	16	1
2016	12260	13028	Anderson (SC)	15	1734803.0	Bouton, Jeremy	http://stats.ncaa.org/player?game_sport_year_ctl_id=12260&stats_player_seq=1734803.0	F	6-6	Fr	16	12
2016	12260	13028	Anderson (SC)	11	1734804.0	Boynton, Andrew	http://stats.ncaa.org/player?game_sport_year_ctl_id=12260&stats_player_seq=1734804.0	G	6-1	Fr	10	1
2016	12260	13028	Anderson (SC)	32		Cummins, Austin		G	5-11	Fr	0	0
2016	12260	13028	Anderson (SC)	22	1511012.0	Dargan, Tony	http://stats.ncaa.org/player?game_sport_year_ctl_id=12260&stats_player_seq=1511012.0	F	6-7	Jr	8	0
2016	12260	13028	Anderson (SC)	30	1400424.0	Davis, Lex	http://stats.ncaa.org/player?game_sport_year_ctl_id=12260&stats_player_seq=1400424.0	G	6-4	Jr	16	10
2016	12260	13028	Anderson (SC)	23	1734806.0	Dotson, Carlos	http://stats.ncaa.org/player?game_sport_year_ctl_id=12260&stats_player_seq=1734806.0	C	6-7	Fr	4	0
2016	12260	13028	Anderson (SC)	40	1400425.0	Faust, Steven	http://stats.ncaa.org/player?game_sport_year_ctl_id=12260&stats_player_seq=1400425.0	C	6-11	Sr	6	0
2016	12260	13028	Anderson (SC)	10	1623126.0	Fields, Tre'	http://stats.ncaa.org/player?game_sport_year_ctl_id=12260&stats_player_seq=1623126.0	G	6-5	So	16	6
2016	12260	13028	Anderson (SC)	31	1623127.0	Fisher, Marquez	http://stats.ncaa.org/player?game_sport_year_ctl_id=12260&stats_player_seq=1623127.0	F	6-8	Fr	16	0
2016	12260	13028	Anderson (SC)	5	1623128.0	Greisen, Alex	http://stats.ncaa.org/player?game_sport_year_ctl_id=12260&stats_player_seq=1623128.0	G	6-4	So	10	3
2016	12260	13028	Anderson (SC)	1	1623419.0	Howard, Maurice	http://stats.ncaa.org/player?game_sport_year_ctl_id=12260&stats_player_seq=1623419.0	G	5-10	So	15	15
2016	12260	13028	Anderson (SC)	3	1734807.0	Shaw, Randall	http://stats.ncaa.org/player?game_sport_year_ctl_id=12260&stats_player_seq=1734807.0	G	6-3	Fr	16	16
2016	12260	13028	Anderson (SC)	4	1400428.0	Taylor, Rakish	http://stats.ncaa.org/player?game_sport_year_ctl_id=12260&stats_player_seq=1400428.0	C	6-7	Jr	16	16
2016	12260	25	Angelo St.	2	1735337.0	Allen, Stedman	http://stats.ncaa.org/player?game_sport_year_ctl_id=12260&stats_player_seq=1735337.0	F	6-5	Sr	15	11
2016	12260	25	Angelo St.	15	1735343.0	Bennett, Tre	http://stats.ncaa.org/player?game_sport_year_ctl_id=12260&stats_player_seq=1735343.0	G	5-10	Sr	16	14
2016	12260	25	Angelo St.	21	1735344.0	Boykin, Shelton	http://stats.ncaa.org/player?game_sport_year_ctl_id=12260&stats_player_seq=1735344.0	G	6-6	Jr	14	9
2016	12260	25	Angelo St.	33	1735347.0	Downey, D'Andre	http://stats.ncaa.org/player?game_sport_year_ctl_id=12260&stats_player_seq=1735347.0	F	6-9	Jr	0	0
2016	12260	25	Angelo St.	22	1735345.0	Foster, Prince	http://stats.ncaa.org/player?game_sport_year_ctl_id=12260&stats_player_seq=1735345.0	G	6-4	Jr	16	7
2016	12260	25	Angelo St.	23	1522246.0	Gudul, Omari	http://stats.ncaa.org/player?game_sport_year_ctl_id=12260&stats_player_seq=1522246.0	C	6-10	Sr	16	16
2016	12260	25	Angelo St.	3	1735338.0	King, Quay	http://stats.ncaa.org/player?game_sport_year_ctl_id=12260&stats_player_seq=1735338.0	G	6-4	Sr	15	8
2016	12260	25	Angelo St.	12	1735342.0	Onyeje, Jr., Napoleon	http://stats.ncaa.org/player?game_sport_year_ctl_id=12260&stats_player_seq=1735342.0	G	6-1	Jr	4	0
2016	12260	25	Angelo St.	32	1735346.0	Pratt, Devonte'	http://stats.ncaa.org/player?game_sport_year_ctl_id=12260&stats_player_seq=1735346.0	G	6-1	Jr	13	8
2016	12260	25	Angelo St.	5	1735339.0	Puhovs, Gustavs	http://stats.ncaa.org/player?game_sport_year_ctl_id=12260&stats_player_seq=1735339.0	F	6-8	Jr	16	0
2016	12260	25	Angelo St.	11	1735341.0	Rhoades, Shaquan	http://stats.ncaa.org/player?game_sport_year_ctl_id=12260&stats_player_seq=1735341.0	G	6-2	So	16	2
2016	12260	25	Angelo St.	42	1735348.0	Tshikaya, Thomas	http://stats.ncaa.org/player?game_sport_year_ctl_id=12260&stats_player_seq=1735348.0	F	6-7	Jr	16	5
2016	12260	25	Angelo St.	10		Williams, Keenan		G	6-0	Jr	0	0
2016	12260	25	Angelo St.	24	1632257.0	Yancy, Jovan	http://stats.ncaa.org/player?game_sport_year_ctl_id=12260&stats_player_seq=1632257.0	G	4-0	So	0	0
2016	12260	30105	Ark.-Fort Smith	32		Ball, Hunter		F	6-7	Fr	0	0
2016	12260	30105	Ark.-Fort Smith	5	1736300.0	Bourgeois, Teris	http://stats.ncaa.org/player?game_sport_year_ctl_id=12260&stats_player_seq=1736300.0	G	6-5	Sr	15	0
2016	12260	30105	Ark.-Fort Smith	0	1513325.0	Cooper, Alex	http://stats.ncaa.org/player?game_sport_year_ctl_id=12260&stats_player_seq=1513325.0	G	6-1	Jr	16	16
2016	12260	30105	Ark.-Fort Smith	11	1736303.0	Glapion, Dalton	http://stats.ncaa.org/player?game_sport_year_ctl_id=12260&stats_player_seq=1736303.0	F	6-8	Fr	16	0
2016	12260	30105	Ark.-Fort Smith	44		Kirk, Caleb		G	6-5	Fr	0	0
2016	12260	30105	Ark.-Fort Smith	21	1513326.0	Martin, Kenny	http://stats.ncaa.org/player?game_sport_year_ctl_id=12260&stats_player_seq=1513326.0	F	6-10	Sr	16	13
2016	12260	30105	Ark.-Fort Smith	15	1736306.0	Parker, Darrius	http://stats.ncaa.org/player?game_sport_year_ctl_id=12260&stats_player_seq=1736306.0	F	6-8	So	14	3
2016	12260	30105	Ark.-Fort Smith	1	1623211.0	Raney, Dominique	http://stats.ncaa.org/player?game_sport_year_ctl_id=12260&stats_player_seq=1623211.0	G	6-4	Sr	14	0
2016	12260	30105	Ark.-Fort Smith	4	1736301.0	Spiller, Richie	http://stats.ncaa.org/player?game_sport_year_ctl_id=12260&stats_player_seq=1736301.0	G	6-1	Jr	15	0
2016	12260	30105	Ark.-Fort Smith	22	1298668.0	Stojanovic, Dusan	http://stats.ncaa.org/player?game_sport_year_ctl_id=12260&stats_player_seq=1298668.0	G	6-7	Sr	16	16
2016	12260	30105	Ark.-Fort Smith	23	1623216.0	Thomas, Davaunta	http://stats.ncaa.org/player?game_sport_year_ctl_id=12260&stats_player_seq=1623216.0	G	6-5	So	16	16
2016	12260	30105	Ark.-Fort Smith	10	1736302.0	Vasiljevic, Ognjen	http://stats.ncaa.org/player?game_sport_year_ctl_id=12260&stats_player_seq=1736302.0	G	6-4	Fr	16	0
2016	12260	30105	Ark.-Fort Smith	24	1513327.0	Youngblood, Seth	http://stats.ncaa.org/player?game_sport_year_ctl_id=12260&stats_player_seq=1513327.0	G	6-1	Jr	16	16
2016	12260	8411	Ark.-Monticello	20	1742477.0	Arnick, Vicktor	http://stats.ncaa.org/player?game_sport_year_ctl_id=12260&stats_player_seq=1742477.0	F	6-6	Jr	16	15
2016	12260	8411	Ark.-Monticello	01	1634287.0	Benedyth, Richard	http://stats.ncaa.org/player?game_sport_year_ctl_id=12260&stats_player_seq=1634287.0	G	5-11	Sr	16	15
2016	12260	8411	Ark.-Monticello	25	1742479.0	Brown, Andre	http://stats.ncaa.org/player?game_sport_year_ctl_id=12260&stats_player_seq=1742479.0	F	6-7	Sr	16	7
2016	12260	8411	Ark.-Monticello	12	1742475.0	Davis, Tyler	http://stats.ncaa.org/player?game_sport_year_ctl_id=12260&stats_player_seq=1742475.0	G	6-5	Sr	16	3
2016	12260	8411	Ark.-Monticello	10	1742474.0	England, Brandon	http://stats.ncaa.org/player?game_sport_year_ctl_id=12260&stats_player_seq=1742474.0	G	6-0	Fr	1	0
2016	12260	8411	Ark.-Monticello	32	1634294.0	Gianakoulias, Nick	http://stats.ncaa.org/player?game_sport_year_ctl_id=12260&stats_player_seq=1634294.0	G	6-1	Jr	2	0
2016	12260	8411	Ark.-Monticello	23	1742478.0	Haywood, Victor	http://stats.ncaa.org/player?game_sport_year_ctl_id=12260&stats_player_seq=1742478.0	F	6-7	Jr	13	0
2016	12260	8411	Ark.-Monticello	03	1742472.0	Jeffries, Trent	http://stats.ncaa.org/player?game_sport_year_ctl_id=12260&stats_player_seq=1742472.0	G	6-4	Jr	13	0
2016	12260	8411	Ark.-Monticello	22	1634293.0	Peterson, Jamal	http://stats.ncaa.org/player?game_sport_year_ctl_id=12260&stats_player_seq=1634293.0	G	5-10	Sr	16	16
2016	12260	8411	Ark.-Monticello	05	1742473.0	Scott, Brandon	http://stats.ncaa.org/player?game_sport_year_ctl_id=12260&stats_player_seq=1742473.0	G	5-11	Jr	8	1
2016	12260	8411	Ark.-Monticello	15	1742476.0	Sims, Evan	http://stats.ncaa.org/player?game_sport_year_ctl_id=12260&stats_player_seq=1742476.0	F	6-8	Sr	16	10
2016	12260	8411	Ark.-Monticello	30		Urquidi, Mario		G	6-1	Fr	0	0
2016	12260	8411	Ark.-Monticello	02	1742471.0	Washington, Jerron	http://stats.ncaa.org/player?game_sport_year_ctl_id=12260&stats_player_seq=1742471.0	G	6-4	Sr	16	13
2016	12260	947	Arkansas Tech	1	1746795.0	Alexander, Thomas	http://stats.ncaa.org/player?game_sport_year_ctl_id=12260&stats_player_seq=1746795.0	G	6-6	Jr	12	2
2016	12260	947	Arkansas Tech	2	1746796.0	Cline, Mason	http://stats.ncaa.org/player?game_sport_year_ctl_id=12260&stats_player_seq=1746796.0	F	6-4	Fr	8	0
2016	12260	947	Arkansas Tech	10	1746797.0	Corley, Tyler	http://stats.ncaa.org/player?game_sport_year_ctl_id=12260&stats_player_seq=1746797.0	G	5-10	Jr	15	5
2016	12260	947	Arkansas Tech	0	1746798.0	Fletcher, Bryson	http://stats.ncaa.org/player?game_sport_year_ctl_id=12260&stats_player_seq=1746798.0	G	6-0	Sr	15	13
2016	12260	947	Arkansas Tech	15	1746799.0	Guillory, Andrew	http://stats.ncaa.org/player?game_sport_year_ctl_id=12260&stats_player_seq=1746799.0	G	6-3	Sr	14	11
2016	12260	947	Arkansas Tech	3	1746800.0	Haughton, Tyrone	http://stats.ncaa.org/player?game_sport_year_ctl_id=12260&stats_player_seq=1746800.0	F	6-9	Jr	7	3
2016	12260	947	Arkansas Tech	35		Johnson, Tobin		G	5-11	Fr	0	0
2016	12260	947	Arkansas Tech	12	1634704.0	Lee, Freddy	http://stats.ncaa.org/player?game_sport_year_ctl_id=12260&stats_player_seq=1634704.0	G	5-7	So	15	0
2016	12260	947	Arkansas Tech	30	1634706.0	McKinney, Dechriston	http://stats.ncaa.org/player?game_sport_year_ctl_id=12260&stats_player_seq=1634706.0	F	6-8	Sr	12	0
2016	12260	947	Arkansas Tech	4		Morton, Aris		G	6-2	Jr	0	0
2016	12260	947	Arkansas Tech	21	1746803.0	Okafor, Tobe	http://stats.ncaa.org/player?game_sport_year_ctl_id=12260&stats_player_seq=1746803.0	C	6-11	Fr	15	12
2016	12260	947	Arkansas Tech	20	1746804.0	Owens, Jerry	http://stats.ncaa.org/player?game_sport_year_ctl_id=12260&stats_player_seq=1746804.0	F	6-9	Jr	15	0
2016	12260	947	Arkansas Tech	99		Stewart, TJ		G	6-1	Jr	0	0
2016	12260	947	Arkansas Tech	13	1291317.0	Wayman, Nick	http://stats.ncaa.org/player?game_sport_year_ctl_id=12260&stats_player_seq=1291317.0	F	6-8	Sr	15	15
2016	12260	947	Arkansas Tech	5	1634709.0	Williams, Branden	http://stats.ncaa.org/player?game_sport_year_ctl_id=12260&stats_player_seq=1634709.0	G	6-3	Sr	0	0
2016	12260	947	Arkansas Tech	11	1746806.0	Yates, Marquis	http://stats.ncaa.org/player?game_sport_year_ctl_id=12260&stats_player_seq=1746806.0	G	6-6	Jr	15	14
2016	12260	33	Armstrong St.	31	1736407.0	Berndt, Daniel	http://stats.ncaa.org/player?game_sport_year_ctl_id=12260&stats_player_seq=1736407.0	C	6-10	Jr	2	0
2016	12260	33	Armstrong St.	2	1524120.0	Brown, George	http://stats.ncaa.org/player?game_sport_year_ctl_id=12260&stats_player_seq=1524120.0	G	5-11	Jr	3	0
2016	12260	33	Armstrong St.	24	1629913.0	Brown, Brian	http://stats.ncaa.org/player?game_sport_year_ctl_id=12260&stats_player_seq=1629913.0	G	6-4	Sr	8	0
2016	12260	33	Armstrong St.	4	1736416.0	Callanan, Kyle	http://stats.ncaa.org/player?game_sport_year_ctl_id=12260&stats_player_seq=1736416.0	G	6-3	Sr	13	10
2016	12260	33	Armstrong St.	1	1736409.0	Graham, Herbert	http://stats.ncaa.org/player?game_sport_year_ctl_id=12260&stats_player_seq=1736409.0	G	6-5	Sr	10	6
2016	12260	33	Armstrong St.	0	1736408.0	Hall, Loren	http://stats.ncaa.org/player?game_sport_year_ctl_id=12260&stats_player_seq=1736408.0	G	6-0	Jr	16	8
2016	12260	33	Armstrong St.	45	1629912.0	Hopper, Marcus	http://stats.ncaa.org/player?game_sport_year_ctl_id=12260&stats_player_seq=1629912.0	F	6-8	Sr	16	5
2016	12260	33	Armstrong St.	10	1736412.0	Jeffers, Jamison	http://stats.ncaa.org/player?game_sport_year_ctl_id=12260&stats_player_seq=1736412.0	G	6-1	Jr	16	6
2016	12260	33	Armstrong St.	5	1736411.0	Lartey, Kwei	http://stats.ncaa.org/player?game_sport_year_ctl_id=12260&stats_player_seq=1736411.0	F	6-4	Fr	8	0
2016	12260	33	Armstrong St.	33	1736415.0	Mackey, Ethan	http://stats.ncaa.org/player?game_sport_year_ctl_id=12260&stats_player_seq=1736415.0	F	6-8	Sr	16	10
2016	12260	33	Armstrong St.	23	1736414.0	Martynow, Witalij	http://stats.ncaa.org/player?game_sport_year_ctl_id=12260&stats_player_seq=1736414.0	C	6-10	Jr	6	0
2016	12260	33	Armstrong St.	32	1629915.0	Mitchell, Shaquiell	http://stats.ncaa.org/player?game_sport_year_ctl_id=12260&stats_player_seq=1629915.0	G	6-5	Sr	16	16
2016	12260	33	Armstrong St.	13		Richardson, Matthew		G	6-5	Fr	0	0
2016	12260	33	Armstrong St.	22	1746904.0	Sabiiti, Shema	http://stats.ncaa.org/player?game_sport_year_ctl_id=12260&stats_player_seq=1746904.0	F	-	N/A	16	12
2016	12260	33	Armstrong St.	15	1629911.0	Scott, Nicholas	http://stats.ncaa.org/player?game_sport_year_ctl_id=12260&stats_player_seq=1629911.0	G	6-3	Sr	16	7
2016	12260	33	Armstrong St.	3	1736410.0	Tillery, Corey	http://stats.ncaa.org/player?game_sport_year_ctl_id=12260&stats_player_seq=1736410.0	G	6-0	Fr	0	0
2016	12260	35	Ashland	10	1736622.0	Bapst, Nick	http://stats.ncaa.org/player?game_sport_year_ctl_id=12260&stats_player_seq=1736622.0	G	6-4	Fr	16	0
2016	12260	35	Ashland	54	1736627.0	Brady, John	http://stats.ncaa.org/player?game_sport_year_ctl_id=12260&stats_player_seq=1736627.0	F	6-6	Fr	3	0
2016	12260	35	Ashland	50	1736626.0	Cain, Michael	http://stats.ncaa.org/player?game_sport_year_ctl_id=12260&stats_player_seq=1736626.0	F	6-4	Jr	1	0
2016	12260	35	Ashland	11	1520158.0	Cook, Adrian	http://stats.ncaa.org/player?game_sport_year_ctl_id=12260&stats_player_seq=1520158.0	G	6-1	Jr	16	16
2016	12260	35	Ashland	32	1520157.0	Davis, Wendell	http://stats.ncaa.org/player?game_sport_year_ctl_id=12260&stats_player_seq=1520157.0	F	6-6	Jr	16	16
2016	12260	35	Ashland	04	1736621.0	Davison, Mario	http://stats.ncaa.org/player?game_sport_year_ctl_id=12260&stats_player_seq=1736621.0	G	6-0	So	3	0
2016	12260	35	Ashland	23	1736625.0	Frentsos, Phil	http://stats.ncaa.org/player?game_sport_year_ctl_id=12260&stats_player_seq=1736625.0	F	6-6	Fr	15	0
2016	12260	35	Ashland	15	1631508.0	Hamilton, Marsalis	http://stats.ncaa.org/player?game_sport_year_ctl_id=12260&stats_player_seq=1631508.0	F	6-4	So	16	16
2016	12260	35	Ashland	35	1520160.0	Hundley, Michael	http://stats.ncaa.org/player?game_sport_year_ctl_id=12260&stats_player_seq=1520160.0	C	6-9	Sr	16	16
2016	12260	35	Ashland	45	1631511.0	Metzen, Teddy	http://stats.ncaa.org/player?game_sport_year_ctl_id=12260&stats_player_seq=1631511.0	C	6-8	So	16	0
2016	12260	35	Ashland	05	1520156.0	Osborne, Boo	http://stats.ncaa.org/player?game_sport_year_ctl_id=12260&stats_player_seq=1520156.0	G	6-3	Jr	16	16
2016	12260	35	Ashland	22		Ryan, Michael		F	6-7	Fr	0	0
2016	12260	35	Ashland	01	1736620.0	Slone, Jay	http://stats.ncaa.org/player?game_sport_year_ctl_id=12260&stats_player_seq=1736620.0	G	6-1	Fr	3	0
2016	12260	35	Ashland	42	1631510.0	Wagner, Brandon	http://stats.ncaa.org/player?game_sport_year_ctl_id=12260&stats_player_seq=1631510.0	F	6-5	So	3	0
2016	12260	35	Ashland	34	1631509.0	Wetzel, Torin	http://stats.ncaa.org/player?game_sport_year_ctl_id=12260&stats_player_seq=1631509.0	F	6-7	Jr	14	0
2016	12260	35	Ashland	20	1736623.0	Wood, Nathan	http://stats.ncaa.org/player?game_sport_year_ctl_id=12260&stats_player_seq=1736623.0	G	6-0	Fr	1	0
2016	12260	36	Assumption	2	1398006.0	Aiken, Julian	http://stats.ncaa.org/player?game_sport_year_ctl_id=12260&stats_player_seq=1398006.0	G	6-1	Sr	16	7
2016	12260	36	Assumption	5	1511671.0	Bey, Kamali	http://stats.ncaa.org/player?game_sport_year_ctl_id=12260&stats_player_seq=1511671.0	G	6-4	So	16	16
2016	12260	36	Assumption	4	1624325.0	Chew, Darren	http://stats.ncaa.org/player?game_sport_year_ctl_id=12260&stats_player_seq=1624325.0	G	6-1	Sr	3	0
2016	12260	36	Assumption	10	1398010.0	Kasper, Tim	http://stats.ncaa.org/player?game_sport_year_ctl_id=12260&stats_player_seq=1398010.0	F	6-6	Sr	14	0
2016	12260	36	Assumption	34		Masciarelli, Stefan		G	6-1	Fr	0	0
2016	12260	36	Assumption	0	1511672.0	Murray, Marcus	http://stats.ncaa.org/player?game_sport_year_ctl_id=12260&stats_player_seq=1511672.0	G	5-7	Jr	0	0
2016	12260	36	Assumption	13	1624329.0	Owens, Tre	http://stats.ncaa.org/player?game_sport_year_ctl_id=12260&stats_player_seq=1624329.0	F	6-6	Sr	13	12
2016	12260	36	Assumption	33		Pasquale, Nick		C	6-11	Fr	0	0
2016	12260	36	Assumption	25	1624326.0	Prokop, Matt	http://stats.ncaa.org/player?game_sport_year_ctl_id=12260&stats_player_seq=1624326.0	F	6-5	So	0	0
2016	12260	36	Assumption	12	1511674.0	Reid, Reilly	http://stats.ncaa.org/player?game_sport_year_ctl_id=12260&stats_player_seq=1511674.0	G	6-3	Jr	16	9
2016	12260	36	Assumption	21	1624328.0	Soukup, Declan	http://stats.ncaa.org/player?game_sport_year_ctl_id=12260&stats_player_seq=1624328.0	G	6-3	Jr	16	16
2016	12260	36	Assumption	14	1624327.0	Sulda, Mat	http://stats.ncaa.org/player?game_sport_year_ctl_id=12260&stats_player_seq=1624327.0	G	6-0	So	16	4
2016	12260	36	Assumption	11	1511673.0	Sullivan, Jack	http://stats.ncaa.org/player?game_sport_year_ctl_id=12260&stats_player_seq=1511673.0	G	6-0	Jr	16	16
2016	12260	36	Assumption	23	1746859.0	Tuckson, Justin	http://stats.ncaa.org/player?game_sport_year_ctl_id=12260&stats_player_seq=1746859.0	G	6-1	Fr	16	0
2016	12260	36	Assumption	22	1634941.0	Ziegler, Karl	http://stats.ncaa.org/player?game_sport_year_ctl_id=12260&stats_player_seq=1634941.0	F	6-5	Jr	0	0
2016	12260	39	Augusta	0	1687665.0	Brooks, Ja'Shawn	http://stats.ncaa.org/player?game_sport_year_ctl_id=12260&stats_player_seq=1687665.0	F	6-3	Fr	14	6
2016	12260	39	Augusta	3	1687666.0	Byrd, Aaron	http://stats.ncaa.org/player?game_sport_year_ctl_id=12260&stats_player_seq=1687666.0	F	6-6	Fr	16	3
2016	12260	39	Augusta	20	1622770.0	Cobzaru, Vlad	http://stats.ncaa.org/player?game_sport_year_ctl_id=12260&stats_player_seq=1622770.0	F	6-8	So	0	0
2016	12260	39	Augusta	11	1622760.0	Crump, Keith	http://stats.ncaa.org/player?game_sport_year_ctl_id=12260&stats_player_seq=1622760.0	G	6-4	Jr	16	9
2016	12260	39	Augusta	2	1622769.0	Fields, Tamyrik	http://stats.ncaa.org/player?game_sport_year_ctl_id=12260&stats_player_seq=1622769.0	F	6-6	So	16	11
2016	12260	39	Augusta	12	1291481.0	Foreman, Trevor	http://stats.ncaa.org/player?game_sport_year_ctl_id=12260&stats_player_seq=1291481.0	G	5-11	Sr	14	5
2016	12260	39	Augusta	40	1406789.0	Graham, Michael	http://stats.ncaa.org/player?game_sport_year_ctl_id=12260&stats_player_seq=1406789.0	F	6-4	Jr	11	0
2016	12260	39	Augusta	33		Maloney, Tre		F	6-6	Fr	0	0
2016	12260	39	Augusta	13	1687669.0	Monroe, Tyvez	http://stats.ncaa.org/player?game_sport_year_ctl_id=12260&stats_player_seq=1687669.0	F	6-2	Fr	12	4
2016	12260	39	Augusta	25	1622772.0	Parker, Andrew	http://stats.ncaa.org/player?game_sport_year_ctl_id=12260&stats_player_seq=1622772.0	F	6-9	Fr	7	0
2016	12260	39	Augusta	10	1406792.0	Sherrill, Keshun	http://stats.ncaa.org/player?game_sport_year_ctl_id=12260&stats_player_seq=1406792.0	G	5-9	Jr	16	16
2016	12260	39	Augusta	15	1687670.0	Ursich, Ben	http://stats.ncaa.org/player?game_sport_year_ctl_id=12260&stats_player_seq=1687670.0	F	6-6	Fr	15	3
2016	12260	39	Augusta	5	1687668.0	Williams, Tommy	http://stats.ncaa.org/player?game_sport_year_ctl_id=12260&stats_player_seq=1687668.0	F	6-5	Sr	16	15
2016	12260	39	Augusta	24	1687671.0	Williams, Deane	http://stats.ncaa.org/player?game_sport_year_ctl_id=12260&stats_player_seq=1687671.0	F	6-8	Fr	16	8
2016	12260	41	Augustana (SD)	30	1620310.0	Asmus, Marcus	http://stats.ncaa.org/player?game_sport_year_ctl_id=12260&stats_player_seq=1620310.0	F	6-7	So	13	0
2016	12260	41	Augustana (SD)	11	1514892.0	Beyer, Adam	http://stats.ncaa.org/player?game_sport_year_ctl_id=12260&stats_player_seq=1514892.0	G	6-6	Jr	16	16
2016	12260	41	Augustana (SD)	42	1514893.0	Brazendale, Matthew	http://stats.ncaa.org/player?game_sport_year_ctl_id=12260&stats_player_seq=1514893.0	G	6-3	So	14	0
2016	12260	41	Augustana (SD)	43	1735450.0	Hoiseth, Will	http://stats.ncaa.org/player?game_sport_year_ctl_id=12260&stats_player_seq=1735450.0	C	6-9	Fr	10	0
2016	12260	41	Augustana (SD)	33	1620313.0	Huisken, Zach	http://stats.ncaa.org/player?game_sport_year_ctl_id=12260&stats_player_seq=1620313.0	F	6-9	Jr	16	0
2016	12260	41	Augustana (SD)	34	1398608.0	Jansen, Daniel	http://stats.ncaa.org/player?game_sport_year_ctl_id=12260&stats_player_seq=1398608.0	F	6-9	Sr	16	16
2016	12260	41	Augustana (SD)	05	1398604.0	Odegaard, Tanner	http://stats.ncaa.org/player?game_sport_year_ctl_id=12260&stats_player_seq=1398604.0	G	5-10	Jr	14	0
2016	12260	41	Augustana (SD)	31	1297885.0	Richter, Alex	http://stats.ncaa.org/player?game_sport_year_ctl_id=12260&stats_player_seq=1297885.0	G	6-5	Sr	16	16
2016	12260	41	Augustana (SD)	01	1514890.0	Saugstad, Austin	http://stats.ncaa.org/player?game_sport_year_ctl_id=12260&stats_player_seq=1514890.0	G	6-1	Jr	14	0
2016	12260	41	Augustana (SD)	24	1620308.0	Schaefer, Steven	http://stats.ncaa.org/player?game_sport_year_ctl_id=12260&stats_player_seq=1620308.0	G	6-3	So	15	0
2016	12260	41	Augustana (SD)	32	1398607.0	Schilling, Casey	http://stats.ncaa.org/player?game_sport_year_ctl_id=12260&stats_player_seq=1398607.0	F	6-6	Sr	16	16
2016	12260	41	Augustana (SD)	23	1620307.0	Spencer, Jordan	http://stats.ncaa.org/player?game_sport_year_ctl_id=12260&stats_player_seq=1620307.0	G	6-2	So	16	16
2016	12260	41	Augustana (SD)	03	1735449.0	Warren, John	http://stats.ncaa.org/player?game_sport_year_ctl_id=12260&stats_player_seq=1735449.0	G	6-5	Fr	16	0
2016	12260	41	Augustana (SD)	25	1620309.0	Weisbeck, Ben	http://stats.ncaa.org/player?game_sport_year_ctl_id=12260&stats_player_seq=1620309.0	G	6-2	So	13	0
2016	12260	30146	Azusa Pacific	05	1742494.0	Byrd, Justin	http://stats.ncaa.org/player?game_sport_year_ctl_id=12260&stats_player_seq=1742494.0	G	6-1	Jr	16	0
2016	12260	30146	Azusa Pacific	24	1413014.0	Cardwell, Lydell	http://stats.ncaa.org/player?game_sport_year_ctl_id=12260&stats_player_seq=1413014.0	G	6-2	Sr	16	16
2016	12260	30146	Azusa Pacific	31	1742493.0	De Fabiis, Caleb	http://stats.ncaa.org/player?game_sport_year_ctl_id=12260&stats_player_seq=1742493.0	G	5-11	Fr	3	0
2016	12260	30146	Azusa Pacific	15	1626067.0	Dyer, Austin	http://stats.ncaa.org/player?game_sport_year_ctl_id=12260&stats_player_seq=1626067.0	F	6-7	So	16	1
2016	12260	30146	Azusa Pacific	10	1626068.0	English, Bruce	http://stats.ncaa.org/player?game_sport_year_ctl_id=12260&stats_player_seq=1626068.0	G	6-1	Sr	16	8
2016	12260	30146	Azusa Pacific	34	1626071.0	Hanato-Smith, Po'Okela	http://stats.ncaa.org/player?game_sport_year_ctl_id=12260&stats_player_seq=1626071.0	G	5-9	Fr	2	0
2016	12260	30146	Azusa Pacific	33	1626072.0	Kutlesic, Petar	http://stats.ncaa.org/player?game_sport_year_ctl_id=12260&stats_player_seq=1626072.0	F	6-9	So	16	16
2016	12260	30146	Azusa Pacific	23	1524124.0	Langerveld, Corey	http://stats.ncaa.org/player?game_sport_year_ctl_id=12260&stats_player_seq=1524124.0	F	6-6	So	16	9
2016	12260	30146	Azusa Pacific	03	1626073.0	Peterson, Connor	http://stats.ncaa.org/player?game_sport_year_ctl_id=12260&stats_player_seq=1626073.0	G	6-2	Fr	13	8
2016	12260	30146	Azusa Pacific	04	1742491.0	Schreiber, Joey	http://stats.ncaa.org/player?game_sport_year_ctl_id=12260&stats_player_seq=1742491.0	F	6-7	Jr	16	0
2016	12260	30146	Azusa Pacific	35	1413019.0	Ward, Will	http://stats.ncaa.org/player?game_sport_year_ctl_id=12260&stats_player_seq=1413019.0	F	6-5	Jr	15	15
2016	12260	30146	Azusa Pacific	13	1742492.0	White, Jimmy	http://stats.ncaa.org/player?game_sport_year_ctl_id=12260&stats_player_seq=1742492.0	G	5-10	Fr	2	0
2016	12260	30146	Azusa Pacific	21	1413012.0	Zoller, Jared	http://stats.ncaa.org/player?game_sport_year_ctl_id=12260&stats_player_seq=1413012.0	F	6-5	Sr	13	7
2016	12260	2685	BYU-Hawaii	21	1627147.0	Andrade, Gabriel	http://stats.ncaa.org/player?game_sport_year_ctl_id=12260&stats_player_seq=1627147.0	G	6-1	So	13	0
2016	12260	2685	BYU-Hawaii	23	1744086.0	Berry, Brody	http://stats.ncaa.org/player?game_sport_year_ctl_id=12260&stats_player_seq=1744086.0	G	6-1	So	13	0
2016	12260	2685	BYU-Hawaii	34	1744087.0	Brooke, Denhym	http://stats.ncaa.org/player?game_sport_year_ctl_id=12260&stats_player_seq=1744087.0	F	6-7	Fr	5	0
2016	12260	2685	BYU-Hawaii	45	1627151.0	Ching, Willie	http://stats.ncaa.org/player?game_sport_year_ctl_id=12260&stats_player_seq=1627151.0	C	6-8	Sr	10	1
2016	12260	2685	BYU-Hawaii	04	1408238.0	Ford, B.J.	http://stats.ncaa.org/player?game_sport_year_ctl_id=12260&stats_player_seq=1408238.0	G	6-2	Sr	14	0
2016	12260	2685	BYU-Hawaii	12	1518048.0	Friel, Scott	http://stats.ncaa.org/player?game_sport_year_ctl_id=12260&stats_player_seq=1518048.0	G	6-5	Sr	14	13
2016	12260	2685	BYU-Hawaii	30	1627150.0	Harward, Ian	http://stats.ncaa.org/player?game_sport_year_ctl_id=12260&stats_player_seq=1627150.0	F	6-9	Jr	13	13
2016	12260	2685	BYU-Hawaii	99		Kikuchi, Bailey		G	5-10	Fr	0	0
2016	12260	2685	BYU-Hawaii	05	1518045.0	Lange, Cory	http://stats.ncaa.org/player?game_sport_year_ctl_id=12260&stats_player_seq=1518045.0	G	6-2	Jr	14	14
2016	12260	2685	BYU-Hawaii	01	1744089.0	Lee, Joohan	http://stats.ncaa.org/player?game_sport_year_ctl_id=12260&stats_player_seq=1744089.0	G	6-2	Jr	5	0
2016	12260	2685	BYU-Hawaii	11	1744090.0	McCleary, D	http://stats.ncaa.org/player?game_sport_year_ctl_id=12260&stats_player_seq=1744090.0	G	6-0	Fr	3	0
2016	12260	2685	BYU-Hawaii	33		Nattress, Bryce		G	6-0	Fr	0	0
2016	12260	2685	BYU-Hawaii	03	1744092.0	Nelson, Tanner	http://stats.ncaa.org/player?game_sport_year_ctl_id=12260&stats_player_seq=1744092.0	G	6-3	Fr	14	10
2016	12260	2685	BYU-Hawaii	24	1744093.0	Park, Justin	http://stats.ncaa.org/player?game_sport_year_ctl_id=12260&stats_player_seq=1744093.0	F	6-5	So	14	5
2016	12260	2685	BYU-Hawaii	15	1744094.0	Perkins, Juliun	http://stats.ncaa.org/player?game_sport_year_ctl_id=12260&stats_player_seq=1744094.0	F	6-3	Fr	0	0
2016	12260	2685	BYU-Hawaii	20	1744095.0	Wolfgramm, Solomone	http://stats.ncaa.org/player?game_sport_year_ctl_id=12260&stats_player_seq=1744095.0	F	6-4	So	14	0
2016	12260	2685	BYU-Hawaii	02	1518046.0	Yamzon, Justin	http://stats.ncaa.org/player?game_sport_year_ctl_id=12260&stats_player_seq=1518046.0	G	5-7	Jr	14	14
2016	12260	49	Barry	25	1620426.0	Agumagu, Charles	http://stats.ncaa.org/player?game_sport_year_ctl_id=12260&stats_player_seq=1620426.0	G	6-0	Sr	3	0
2016	12260	49	Barry	23	1512608.0	Barrueta, Yunio	http://stats.ncaa.org/player?game_sport_year_ctl_id=12260&stats_player_seq=1512608.0	F	6-4	Sr	15	15
2016	12260	49	Barry	11	1740961.0	Brown, Vincent	http://stats.ncaa.org/player?game_sport_year_ctl_id=12260&stats_player_seq=1740961.0	G	6-1	Fr	2	0
2016	12260	49	Barry	45	1740966.0	Dimitrjevitch, Stephan	http://stats.ncaa.org/player?game_sport_year_ctl_id=12260&stats_player_seq=1740966.0	G	6-4	So	2	0
2016	12260	49	Barry	10	1740960.0	Fridriksson, Elvar	http://stats.ncaa.org/player?game_sport_year_ctl_id=12260&stats_player_seq=1740960.0	G	6-1	So	15	15
2016	12260	49	Barry	32	1512611.0	Gonzalez, Adrian	http://stats.ncaa.org/player?game_sport_year_ctl_id=12260&stats_player_seq=1512611.0	F	6-5	Jr	12	0
2016	12260	49	Barry	4	1740958.0	Guye, Jordan	http://stats.ncaa.org/player?game_sport_year_ctl_id=12260&stats_player_seq=1740958.0	G	5-10	Fr	2	0
2016	12260	49	Barry	14	1620257.0	Haas, Anders	http://stats.ncaa.org/player?game_sport_year_ctl_id=12260&stats_player_seq=1620257.0	G	6-1	Sr	15	15
2016	12260	49	Barry	1	1620256.0	Irving, Josh	http://stats.ncaa.org/player?game_sport_year_ctl_id=12260&stats_player_seq=1620256.0	G	5-9	Jr	9	0
2016	12260	49	Barry	22	1620259.0	Leonard, Travion	http://stats.ncaa.org/player?game_sport_year_ctl_id=12260&stats_player_seq=1620259.0	C	6-8	Sr	15	15
2016	12260	49	Barry	5	1740959.0	Mitchem, Undra	http://stats.ncaa.org/player?game_sport_year_ctl_id=12260&stats_player_seq=1740959.0	F	6-2	Jr	15	15
2016	12260	49	Barry	33	1740965.0	Pierre, Jonathan	http://stats.ncaa.org/player?game_sport_year_ctl_id=12260&stats_player_seq=1740965.0	G	6-0	Fr	4	0
2016	12260	49	Barry	3	1740957.0	Sachs, David	http://stats.ncaa.org/player?game_sport_year_ctl_id=12260&stats_player_seq=1740957.0	G	6-1	Fr	12	0
2016	12260	49	Barry	15	1740962.0	Tomic, Marko	http://stats.ncaa.org/player?game_sport_year_ctl_id=12260&stats_player_seq=1740962.0	F	6-7	Fr	15	0
2016	12260	49	Barry	21	1740964.0	Turner, Theo	http://stats.ncaa.org/player?game_sport_year_ctl_id=12260&stats_player_seq=1740964.0	C	6-11	So	11	0
2016	12260	49	Barry	24	1740963.0	Wallace, Naz	http://stats.ncaa.org/player?game_sport_year_ctl_id=12260&stats_player_seq=1740963.0	F	6-7	Fr	1	0
2016	12260	49	Barry	2	1512602.0	Williams, Arie	http://stats.ncaa.org/player?game_sport_year_ctl_id=12260&stats_player_seq=1512602.0	G	5-10	Jr	7	0
2016	12260	15646	Barton	30		Artis, Dante		G	5-10	So	0	0
2016	12260	15646	Barton	12	1634339.0	Byrd, Dominique	http://stats.ncaa.org/player?game_sport_year_ctl_id=12260&stats_player_seq=1634339.0	F	6-7	Sr	17	13
2016	12260	15646	Barton	41	1738115.0	Canoy, Ryan	http://stats.ncaa.org/player?game_sport_year_ctl_id=12260&stats_player_seq=1738115.0	F	6-5	Sr	17	8
2016	12260	15646	Barton	15		Chapman, Daniel		C	6-11	Fr	0	0
2016	12260	15646	Barton	03	1738108.0	Claypool, R.J.	http://stats.ncaa.org/player?game_sport_year_ctl_id=12260&stats_player_seq=1738108.0	G	6-2	Jr	13	12
2016	12260	15646	Barton	03	1756299.0	Claypool, R.J.	http://stats.ncaa.org/player?game_sport_year_ctl_id=12260&stats_player_seq=1756299.0	G	-	N/A	3	3
2016	12260	15646	Barton	23		Coleman, Darius		G	6-2	Fr	0	0
2016	12260	15646	Barton	44	1634344.0	Ellison, Nick	http://stats.ncaa.org/player?game_sport_year_ctl_id=12260&stats_player_seq=1634344.0	F	6-9	Jr	17	0
2016	12260	15646	Barton	14	1738109.0	Grant, Zach	http://stats.ncaa.org/player?game_sport_year_ctl_id=12260&stats_player_seq=1738109.0	G	5-11	Fr	14	0
2016	12260	15646	Barton	4	1634336.0	Johnson, Dorian	http://stats.ncaa.org/player?game_sport_year_ctl_id=12260&stats_player_seq=1634336.0	G	6-4	Fr	17	1
2016	12260	15646	Barton	2	1738107.0	Sampson, Tashawn	http://stats.ncaa.org/player?game_sport_year_ctl_id=12260&stats_player_seq=1738107.0	G	6-1	Fr	15	0
2016	12260	15646	Barton	10	1634338.0	Shand, Danny	http://stats.ncaa.org/player?game_sport_year_ctl_id=12260&stats_player_seq=1634338.0	G	5-11	So	17	17
2016	12260	15646	Barton	22	1738112.0	Thayer, Tyler	http://stats.ncaa.org/player?game_sport_year_ctl_id=12260&stats_player_seq=1738112.0	G	6-4	Jr	17	6
2016	12260	15646	Barton	5	1634337.0	Veasley, Jake	http://stats.ncaa.org/player?game_sport_year_ctl_id=12260&stats_player_seq=1634337.0	G	6-3	Sr	13	12
2016	12260	15646	Barton	45	1518474.0	Westbrook, Daniel	http://stats.ncaa.org/player?game_sport_year_ctl_id=12260&stats_player_seq=1518474.0	F	6-10	Jr	17	13
2016	12260	15646	Barton	20	1738111.0	Williams, Joshua	http://stats.ncaa.org/player?game_sport_year_ctl_id=12260&stats_player_seq=1738111.0	G	6-0	Fr	2	0
2016	12260	15646	Barton	1	1738106.0	Woods, Matt	http://stats.ncaa.org/player?game_sport_year_ctl_id=12260&stats_player_seq=1738106.0	G	6-2	Fr	17	0
2016	12260	52	Bellarmine	15	1634626.0	Bach, Brent	http://stats.ncaa.org/player?game_sport_year_ctl_id=12260&stats_player_seq=1634626.0	G	6-1	So	16	0
2016	12260	52	Bellarmine	21	1634627.0	Coles, Jarek	http://stats.ncaa.org/player?game_sport_year_ctl_id=12260&stats_player_seq=1634627.0	G	6-0	So	15	0
2016	12260	52	Bellarmine	3	1746916.0	Davis, Al	http://stats.ncaa.org/player?game_sport_year_ctl_id=12260&stats_player_seq=1746916.0	G	5-9	Jr	16	16
2016	12260	52	Bellarmine	33	1516590.0	Derksen, Josh	http://stats.ncaa.org/player?game_sport_year_ctl_id=12260&stats_player_seq=1516590.0	F	6-9	Jr	8	1
2016	12260	52	Bellarmine	22	1746917.0	Eberhard, Adam	http://stats.ncaa.org/player?game_sport_year_ctl_id=12260&stats_player_seq=1746917.0	F	6-8	Fr	16	0
2016	12260	52	Bellarmine	24	1516587.0	Fredrick, Nick	http://stats.ncaa.org/player?game_sport_year_ctl_id=12260&stats_player_seq=1516587.0	G	5-11	Jr	16	0
2016	12260	52	Bellarmine	23	1746918.0	Hunter, Skyler	http://stats.ncaa.org/player?game_sport_year_ctl_id=12260&stats_player_seq=1746918.0	F	6-7	Fr	8	0
2016	12260	52	Bellarmine	20	1516586.0	Knott, George	http://stats.ncaa.org/player?game_sport_year_ctl_id=12260&stats_player_seq=1516586.0	F	6-5	Jr	11	0
2016	12260	52	Bellarmine	31	1634628.0	Kolo, Yasin	http://stats.ncaa.org/player?game_sport_year_ctl_id=12260&stats_player_seq=1634628.0	C	6-10	Sr	16	16
2016	12260	52	Bellarmine	42	1516588.0	Landry, Tyler	http://stats.ncaa.org/player?game_sport_year_ctl_id=12260&stats_player_seq=1516588.0	F	6-6	Jr	0	0
2016	12260	52	Bellarmine	11	1401797.0	Parrish, Michael	http://stats.ncaa.org/player?game_sport_year_ctl_id=12260&stats_player_seq=1401797.0	G	5-7	Sr	16	15
2016	12260	52	Bellarmine	12	1746919.0	Ramser, Daniel	http://stats.ncaa.org/player?game_sport_year_ctl_id=12260&stats_player_seq=1746919.0	G	6-5	Fr	10	0
2016	12260	52	Bellarmine	99	1746920.0	Schurfranz, Willie	http://stats.ncaa.org/player?game_sport_year_ctl_id=12260&stats_player_seq=1746920.0	F	6-6	Fr	7	0
2016	12260	52	Bellarmine	4	1401802.0	Suggs, George	http://stats.ncaa.org/player?game_sport_year_ctl_id=12260&stats_player_seq=1401802.0	F	6-9	Sr	16	16
2016	12260	52	Bellarmine	5	1516583.0	Troutman, Rusty	http://stats.ncaa.org/player?game_sport_year_ctl_id=12260&stats_player_seq=1516583.0	G	6-5	Jr	16	16
2016	12260	52	Bellarmine	32	1634630.0	Troutman, Rhett	http://stats.ncaa.org/player?game_sport_year_ctl_id=12260&stats_player_seq=1634630.0	G	6-0	So	7	0
2016	12260	2683	Belmont Abbey	1	1514859.0	Chen, Ray	http://stats.ncaa.org/player?game_sport_year_ctl_id=12260&stats_player_seq=1514859.0	G	6-0	Jr	17	17
2016	12260	2683	Belmont Abbey	3	1514860.0	Clark, Drexler	http://stats.ncaa.org/player?game_sport_year_ctl_id=12260&stats_player_seq=1514860.0	G	6-0	Jr	17	5
2016	12260	2683	Belmont Abbey	4	1689407.0	Ferguson, Ben	http://stats.ncaa.org/player?game_sport_year_ctl_id=12260&stats_player_seq=1689407.0	G	6-5	Fr	17	0
2016	12260	2683	Belmont Abbey	21	1627786.0	Fullard, Nicholas	http://stats.ncaa.org/player?game_sport_year_ctl_id=12260&stats_player_seq=1627786.0	C	6-10	So	17	17
2016	12260	2683	Belmont Abbey	20	1627785.0	Goins, Hayden	http://stats.ncaa.org/player?game_sport_year_ctl_id=12260&stats_player_seq=1627785.0	G	6-1	So	0	0
2016	12260	2683	Belmont Abbey	15		Hartle, Jacob		F	6-4	Fr	0	0
2016	12260	2683	Belmont Abbey	34	1514863.0	Horn, Tyler	http://stats.ncaa.org/player?game_sport_year_ctl_id=12260&stats_player_seq=1514863.0	C	6-8	Jr	17	0
2016	12260	2683	Belmont Abbey	5	1627783.0	Hough, Nick	http://stats.ncaa.org/player?game_sport_year_ctl_id=12260&stats_player_seq=1627783.0	G	6-4	So	17	15
2016	12260	2683	Belmont Abbey	23	1627788.0	Lane, Deion	http://stats.ncaa.org/player?game_sport_year_ctl_id=12260&stats_player_seq=1627788.0	F	6-5	So	17	17
2016	12260	2683	Belmont Abbey	11	1627784.0	Moriarity, Sean	http://stats.ncaa.org/player?game_sport_year_ctl_id=12260&stats_player_seq=1627784.0	G	6-5	So	3	0
2016	12260	2683	Belmont Abbey	22	1627787.0	Pollard, Markel	http://stats.ncaa.org/player?game_sport_year_ctl_id=12260&stats_player_seq=1627787.0	F	6-5	So	17	14
2016	12260	2683	Belmont Abbey	32	1514862.0	Ratliff, Kendall	http://stats.ncaa.org/player?game_sport_year_ctl_id=12260&stats_player_seq=1514862.0	F	6-6	Jr	16	0
2016	12260	2683	Belmont Abbey	24	1689409.0	Richard, Aidan	http://stats.ncaa.org/player?game_sport_year_ctl_id=12260&stats_player_seq=1689409.0	C	6-11	Fr	7	0
2016	12260	2683	Belmont Abbey	42	1627789.0	Shelton, Riley	http://stats.ncaa.org/player?game_sport_year_ctl_id=12260&stats_player_seq=1627789.0	C	6-7	So	5	0
2016	12260	2683	Belmont Abbey	2	1689406.0	Wilson, Spencer	http://stats.ncaa.org/player?game_sport_year_ctl_id=12260&stats_player_seq=1689406.0	G	6-1	Fr	17	0
2016	12260	54	Bemidji St.	10	1620396.0	Anderson, DJ	http://stats.ncaa.org/player?game_sport_year_ctl_id=12260&stats_player_seq=1620396.0	G	6-0	Sr	16	16
2016	12260	54	Bemidji St.	5	1512700.0	Best, Ben	http://stats.ncaa.org/player?game_sport_year_ctl_id=12260&stats_player_seq=1512700.0	F	6-8	Jr	16	16
2016	12260	54	Bemidji St.	24	1736377.0	Bruchs, Tanner	http://stats.ncaa.org/player?game_sport_year_ctl_id=12260&stats_player_seq=1736377.0	G	6-4	Fr	7	0
2016	12260	54	Bemidji St.	25	1736378.0	Harrington, Calvin	http://stats.ncaa.org/player?game_sport_year_ctl_id=12260&stats_player_seq=1736378.0	G	6-4	Fr	16	4
2016	12260	54	Bemidji St.	3	1736371.0	Harvey, William	http://stats.ncaa.org/player?game_sport_year_ctl_id=12260&stats_player_seq=1736371.0	F	6-7	Jr	14	10
2016	12260	54	Bemidji St.	34	1620397.0	Jacobson, Adam	http://stats.ncaa.org/player?game_sport_year_ctl_id=12260&stats_player_seq=1620397.0	G	6-4	Fr	4	0
2016	12260	54	Bemidji St.	15		McNallan, Jacob		G	6-2	Fr	0	0
2016	12260	54	Bemidji St.	11	1620395.0	Pekarek, Christian	http://stats.ncaa.org/player?game_sport_year_ctl_id=12260&stats_player_seq=1620395.0	G	6-1	So	16	16
2016	12260	54	Bemidji St.	4	1736372.0	Rhodes, Jordan	http://stats.ncaa.org/player?game_sport_year_ctl_id=12260&stats_player_seq=1736372.0	F	6-7	So	15	2
2016	12260	54	Bemidji St.	21	1736376.0	Seifert, Clay	http://stats.ncaa.org/player?game_sport_year_ctl_id=12260&stats_player_seq=1736376.0	G	6-3	Fr	9	0
2016	12260	54	Bemidji St.	32		Sorenson, Kyle		F	6-8	Fr	0	0
2016	12260	54	Bemidji St.	20	1736375.0	Valdez, Elijah	http://stats.ncaa.org/player?game_sport_year_ctl_id=12260&stats_player_seq=1736375.0	G	6-0	Jr	16	0
2016	12260	54	Bemidji St.	13		Vogeler, John		G	6-2	Fr	0	0
2016	12260	54	Bemidji St.	14	1512702.0	White, Shane	http://stats.ncaa.org/player?game_sport_year_ctl_id=12260&stats_player_seq=1512702.0	F	6-7	Jr	12	2
2016	12260	54	Bemidji St.	23	1620398.0	Womack, Irvin	http://stats.ncaa.org/player?game_sport_year_ctl_id=12260&stats_player_seq=1620398.0	G	6-4	Sr	15	6
2016	12260	54	Bemidji St.	2	1620393.0	Zimmerman, Kaylor	http://stats.ncaa.org/player?game_sport_year_ctl_id=12260&stats_player_seq=1620393.0	G	6-3	Sr	14	8
2016	12260	55	Benedict	34	1739957.0	Cabrera, Alexander	http://stats.ncaa.org/player?game_sport_year_ctl_id=12260&stats_player_seq=1739957.0	F	6-6	So	6	0
2016	12260	55	Benedict	24	1739955.0	Cooke, Quiron	http://stats.ncaa.org/player?game_sport_year_ctl_id=12260&stats_player_seq=1739955.0	G	6-3	Jr	16	2
2016	12260	55	Benedict	35	1748025.0	Dejourdan, Elan	http://stats.ncaa.org/player?game_sport_year_ctl_id=12260&stats_player_seq=1748025.0	""	-	N/A	8	2
2016	12260	55	Benedict	00	1751008.0	Graham, Deshawn	http://stats.ncaa.org/player?game_sport_year_ctl_id=12260&stats_player_seq=1751008.0	""	-	N/A	3	1
2016	12260	55	Benedict	12	1739951.0	Hawkins, Quayshun	http://stats.ncaa.org/player?game_sport_year_ctl_id=12260&stats_player_seq=1739951.0	G	6-1	Jr	17	3
2016	12260	55	Benedict	22	1739953.0	Hobson, Brandon	http://stats.ncaa.org/player?game_sport_year_ctl_id=12260&stats_player_seq=1739953.0	G	6-3	Fr	5	0
2016	12260	55	Benedict	14	1739952.0	Metze, Justin	http://stats.ncaa.org/player?game_sport_year_ctl_id=12260&stats_player_seq=1739952.0	G	6-2	Jr	7	1
2016	12260	55	Benedict	50	1739958.0	Mockaitis, Deividas	http://stats.ncaa.org/player?game_sport_year_ctl_id=12260&stats_player_seq=1739958.0	C	6-10	Fr	6	1
2016	12260	55	Benedict	10	1405331.0	Reynard, Brennan	http://stats.ncaa.org/player?game_sport_year_ctl_id=12260&stats_player_seq=1405331.0	G	5-11	Sr	17	17
2016	12260	55	Benedict	34	1748522.0	Riley, Alaundrius	http://stats.ncaa.org/player?game_sport_year_ctl_id=12260&stats_player_seq=1748522.0	""	-	N/A	1	0
2016	12260	55	Benedict	33	1523606.0	Roman-Angueira, Jose	http://stats.ncaa.org/player?game_sport_year_ctl_id=12260&stats_player_seq=1523606.0	F	6-7	Jr	17	4
2016	12260	55	Benedict	05	1739950.0	Shuford, Tyoun	http://stats.ncaa.org/player?game_sport_year_ctl_id=12260&stats_player_seq=1739950.0	G	6-0	Fr	7	0
2016	12260	55	Benedict	30	1640544.0	Smith, Jordan	http://stats.ncaa.org/player?game_sport_year_ctl_id=12260&stats_player_seq=1640544.0	C	6-2	Sr	14	11
2016	12260	55	Benedict	32	1634056.0	Smith, Lafonzo	http://stats.ncaa.org/player?game_sport_year_ctl_id=12260&stats_player_seq=1634056.0	F	6-9	Sr	13	12
2016	12260	55	Benedict	25	1739956.0	Spencer, Christopher	http://stats.ncaa.org/player?game_sport_year_ctl_id=12260&stats_player_seq=1739956.0	F	6-4	Jr	17	15
2016	12260	55	Benedict	23	1739954.0	Taylor, Rydealous	http://stats.ncaa.org/player?game_sport_year_ctl_id=12260&stats_player_seq=1739954.0	G	6-3	Jr	17	16
2016	12260	56	Bentley	10	1509884.0	Barr, Matt	http://stats.ncaa.org/player?game_sport_year_ctl_id=12260&stats_player_seq=1509884.0	G	6-0	Jr	11	2
2016	12260	56	Bentley	20	1736211.0	Bouchard, Kyle	http://stats.ncaa.org/player?game_sport_year_ctl_id=12260&stats_player_seq=1736211.0	F	6-5	Fr	15	6
2016	12260	56	Bentley	15	1621057.0	Burton, Nick	http://stats.ncaa.org/player?game_sport_year_ctl_id=12260&stats_player_seq=1621057.0	F	6-4	So	2	0
2016	12260	56	Bentley	21	1509885.0	Duke, Ferguson	http://stats.ncaa.org/player?game_sport_year_ctl_id=12260&stats_player_seq=1509885.0	G	6-2	Jr	13	13
2016	12260	56	Bentley	14	1408075.0	Furness, Alex	http://stats.ncaa.org/player?game_sport_year_ctl_id=12260&stats_player_seq=1408075.0	G	6-6	Sr	15	15
2016	12260	56	Bentley	22	1509886.0	Gibson, Tyler	http://stats.ncaa.org/player?game_sport_year_ctl_id=12260&stats_player_seq=1509886.0	F	6-5	Jr	4	0
2016	12260	56	Bentley	33	1736213.0	Gilpin, Zachary	http://stats.ncaa.org/player?game_sport_year_ctl_id=12260&stats_player_seq=1736213.0	F	6-5	Fr	8	0
2016	12260	56	Bentley	13	1408074.0	Hyland, Keegan	http://stats.ncaa.org/player?game_sport_year_ctl_id=12260&stats_player_seq=1408074.0	G	6-4	Sr	15	15
2016	12260	56	Bentley	34	1408079.0	Mancini, Vince	http://stats.ncaa.org/player?game_sport_year_ctl_id=12260&stats_player_seq=1408079.0	F	6-5	Sr	11	0
2016	12260	56	Bentley	32	1408078.0	McFarland, Tyler	http://stats.ncaa.org/player?game_sport_year_ctl_id=12260&stats_player_seq=1408078.0	F	6-5	Sr	15	15
2016	12260	56	Bentley	24	1509887.0	Murray, Chris	http://stats.ncaa.org/player?game_sport_year_ctl_id=12260&stats_player_seq=1509887.0	G	6-0	Jr	12	0
2016	12260	56	Bentley	23	1408076.0	Phelps, Shakir	http://stats.ncaa.org/player?game_sport_year_ctl_id=12260&stats_player_seq=1408076.0	F	6-4	Sr	1	0
2016	12260	56	Bentley	11	1736212.0	Richmond, Ryan	http://stats.ncaa.org/player?game_sport_year_ctl_id=12260&stats_player_seq=1736212.0	G	6-0	Fr	13	0
2016	12260	56	Bentley	30	1621059.0	Turkington, Matt	http://stats.ncaa.org/player?game_sport_year_ctl_id=12260&stats_player_seq=1621059.0	F	6-5	So	2	0
2016	12260	56	Bentley	25	1621058.0	Wheeler, Brandon	http://stats.ncaa.org/player?game_sport_year_ctl_id=12260&stats_player_seq=1621058.0	G	6-4	So	15	9
2016	12260	30134	Black Hills St.	5	1510756.0	Cameron, Joe	http://stats.ncaa.org/player?game_sport_year_ctl_id=12260&stats_player_seq=1510756.0	G	6-4	Jr	2	0
2016	12260	30134	Black Hills St.	31	1739429.0	Dieterich, Oskar	http://stats.ncaa.org/player?game_sport_year_ctl_id=12260&stats_player_seq=1739429.0	C	6-9	Fr	4	0
2016	12260	30134	Black Hills St.	23	1629718.0	Higenkamp, Tate	http://stats.ncaa.org/player?game_sport_year_ctl_id=12260&stats_player_seq=1629718.0	G	5-10	Sr	15	6
2016	12260	30134	Black Hills St.	11	1510774.0	Krogman, Wyatt	http://stats.ncaa.org/player?game_sport_year_ctl_id=12260&stats_player_seq=1510774.0	G	5-10	Jr	15	15
2016	12260	30134	Black Hills St.	24	1739428.0	Malcolm, Fraser	http://stats.ncaa.org/player?game_sport_year_ctl_id=12260&stats_player_seq=1739428.0	G	6-6	Fr	15	0
2016	12260	30134	Black Hills St.	33	1739430.0	Mayer, Sam	http://stats.ncaa.org/player?game_sport_year_ctl_id=12260&stats_player_seq=1739430.0	C	6-9	So	15	15
2016	12260	30134	Black Hills St.	3	1739424.0	Mendes, Patrick	http://stats.ncaa.org/player?game_sport_year_ctl_id=12260&stats_player_seq=1739424.0	G	6-3	Fr	15	9
2016	12260	30134	Black Hills St.	13	1739426.0	Mueller, Max	http://stats.ncaa.org/player?game_sport_year_ctl_id=12260&stats_player_seq=1739426.0	C	6-9	Jr	15	0
2016	12260	30134	Black Hills St.	4		Oliver, Tyler		G	6-3	Jr	0	0
2016	12260	30134	Black Hills St.	2	1629720.0	Ongarato, Nick	http://stats.ncaa.org/player?game_sport_year_ctl_id=12260&stats_player_seq=1629720.0	G	6-3	Sr	15	15
2016	12260	30134	Black Hills St.	32	1414927.0	Ryan, Riley	http://stats.ncaa.org/player?game_sport_year_ctl_id=12260&stats_player_seq=1414927.0	G	6-5	Sr	15	15
2016	12260	30134	Black Hills St.	15	1629719.0	Smith, Collin	http://stats.ncaa.org/player?game_sport_year_ctl_id=12260&stats_player_seq=1629719.0	F	6-5	So	11	0
2016	12260	30134	Black Hills St.	20	1739427.0	Stefansson, Erlendur	http://stats.ncaa.org/player?game_sport_year_ctl_id=12260&stats_player_seq=1739427.0	G	6-3	Fr	11	0
2016	12260	984	Bloomfield	12	1741877.0	Abdus-Sabur, Safee	http://stats.ncaa.org/player?game_sport_year_ctl_id=12260&stats_player_seq=1741877.0	G	6-5	Fr	16	3
2016	12260	984	Bloomfield	23	1520649.0	Blue, Claude	http://stats.ncaa.org/player?game_sport_year_ctl_id=12260&stats_player_seq=1520649.0	F	6-4	Sr	15	15
2016	12260	984	Bloomfield	31	1630026.0	Brooks, Kwynten	http://stats.ncaa.org/player?game_sport_year_ctl_id=12260&stats_player_seq=1630026.0	G	5-11	So	4	0
2016	12260	984	Bloomfield	10	1630023.0	Brown, Juan	http://stats.ncaa.org/player?game_sport_year_ctl_id=12260&stats_player_seq=1630023.0	G	5-9	So	15	10
2016	12260	984	Bloomfield	24	1630028.0	Davidson, Nick	http://stats.ncaa.org/player?game_sport_year_ctl_id=12260&stats_player_seq=1630028.0	F	6-6	So	16	11
2016	12260	984	Bloomfield	11	1630024.0	Diez, Ignacio	http://stats.ncaa.org/player?game_sport_year_ctl_id=12260&stats_player_seq=1630024.0	F	6-7	So	13	13
2016	12260	984	Bloomfield	2	1741875.0	Harris, Raiquis	http://stats.ncaa.org/player?game_sport_year_ctl_id=12260&stats_player_seq=1741875.0	G	6-0	Fr	7	2
2016	12260	984	Bloomfield	15	1741878.0	Kelly, Rakwan	http://stats.ncaa.org/player?game_sport_year_ctl_id=12260&stats_player_seq=1741878.0	F	6-4	So	16	16
2016	12260	984	Bloomfield	20	1741879.0	Lewis, Robert	http://stats.ncaa.org/player?game_sport_year_ctl_id=12260&stats_player_seq=1741879.0	F	6-6	Fr	16	4
2016	12260	984	Bloomfield	22	1630027.0	Minic, Stefan	http://stats.ncaa.org/player?game_sport_year_ctl_id=12260&stats_player_seq=1630027.0	F	6-5	So	0	0
2016	12260	984	Bloomfield	34	1630029.0	Oyawusi, Olatilewa	http://stats.ncaa.org/player?game_sport_year_ctl_id=12260&stats_player_seq=1630029.0	C	6-9	Sr	7	0
2016	12260	984	Bloomfield	21	1630025.0	Simon, Carlos Marrero	http://stats.ncaa.org/player?game_sport_year_ctl_id=12260&stats_player_seq=1630025.0	G	6-4	So	6	1
2016	12260	984	Bloomfield	3	1630022.0	Smith, Jamal	http://stats.ncaa.org/player?game_sport_year_ctl_id=12260&stats_player_seq=1630022.0	G	5-10	So	3	0
2016	12260	984	Bloomfield	5	1741876.0	Williams, Ahmid	http://stats.ncaa.org/player?game_sport_year_ctl_id=12260&stats_player_seq=1741876.0	G	5-10	Jr	16	5
2016	12260	65	Bloomsburg	3	1746007.0	Diggs, Donell	http://stats.ncaa.org/player?game_sport_year_ctl_id=12260&stats_player_seq=1746007.0	G	5-11	Jr	16	16
2016	12260	65	Bloomsburg	10	1627089.0	Feiertag, Nate	http://stats.ncaa.org/player?game_sport_year_ctl_id=12260&stats_player_seq=1627089.0	G	6-3	So	5	0
2016	12260	65	Bloomsburg	22	1746009.0	Garner, Malik	http://stats.ncaa.org/player?game_sport_year_ctl_id=12260&stats_player_seq=1746009.0	F	6-6	Sr	16	10
2016	12260	65	Bloomsburg	12	1746008.0	Greenlee, Yahmir	http://stats.ncaa.org/player?game_sport_year_ctl_id=12260&stats_player_seq=1746008.0	G	5-8	Jr	7	0
2016	12260	65	Bloomsburg	30	1405318.0	Haigler, Charles	http://stats.ncaa.org/player?game_sport_year_ctl_id=12260&stats_player_seq=1405318.0	G	6-4	Sr	16	10
2016	12260	65	Bloomsburg	4	1627087.0	Junk, Chandler	http://stats.ncaa.org/player?game_sport_year_ctl_id=12260&stats_player_seq=1627087.0	G	6-0	So	6	0
2016	12260	65	Bloomsburg	24	1298807.0	Lyons, Wes	http://stats.ncaa.org/player?game_sport_year_ctl_id=12260&stats_player_seq=1298807.0	G	6-6	Sr	16	14
2016	12260	65	Bloomsburg	11	1627090.0	McKie, Anthony	http://stats.ncaa.org/player?game_sport_year_ctl_id=12260&stats_player_seq=1627090.0	G	5-10	Jr	11	0
2016	12260	65	Bloomsburg	15	1516106.0	Mortellite, Christian	http://stats.ncaa.org/player?game_sport_year_ctl_id=12260&stats_player_seq=1516106.0	G	6-5	So	16	14
2016	12260	65	Bloomsburg	2	1627086.0	Naderi, Ashkan	http://stats.ncaa.org/player?game_sport_year_ctl_id=12260&stats_player_seq=1627086.0	G	5-10	Sr	2	0
2016	12260	65	Bloomsburg	05	1627088.0	Prislupsky, Alex	http://stats.ncaa.org/player?game_sport_year_ctl_id=12260&stats_player_seq=1627088.0	G	6-1	So	14	6
2016	12260	65	Bloomsburg	1		Robinson-Wallace, Darius		F	6-4	So	0	0
2016	12260	65	Bloomsburg	35	1746011.0	Rose, Kyle-Michael	http://stats.ncaa.org/player?game_sport_year_ctl_id=12260&stats_player_seq=1746011.0	F	6-7	So	16	2
2016	12260	65	Bloomsburg	0	1746006.0	Sneed, Malik	http://stats.ncaa.org/player?game_sport_year_ctl_id=12260&stats_player_seq=1746006.0	F	6-7	Jr	16	8
2016	12260	65	Bloomsburg	33	1746010.0	Steward, Tyriek	http://stats.ncaa.org/player?game_sport_year_ctl_id=12260&stats_player_seq=1746010.0	G	6-4	Fr	16	0
2016	12260	65	Bloomsburg	25	1516104.0	Tucker, Jameal	http://stats.ncaa.org/player?game_sport_year_ctl_id=12260&stats_player_seq=1516104.0	F	6-6	So	8	0
2016	12260	985	Bluefield St.	12	1748160.0	Adeyemo, Joseph	http://stats.ncaa.org/player?game_sport_year_ctl_id=12260&stats_player_seq=1748160.0	F	6-3	Fr	9	0
2016	12260	985	Bluefield St.	30	1738285.0	Day, James	http://stats.ncaa.org/player?game_sport_year_ctl_id=12260&stats_player_seq=1738285.0	F	6-5	Jr	19	10
2016	12260	985	Bluefield St.	04	1627303.0	Durgan, Mark	http://stats.ncaa.org/player?game_sport_year_ctl_id=12260&stats_player_seq=1627303.0	G	6-1	Sr	10	10
2016	12260	985	Bluefield St.	24	1627307.0	Farr, Derrek	http://stats.ncaa.org/player?game_sport_year_ctl_id=12260&stats_player_seq=1627307.0	F	6-5	Sr	11	0
2016	12260	985	Bluefield St.	01	1738282.0	Harvey, Chas	http://stats.ncaa.org/player?game_sport_year_ctl_id=12260&stats_player_seq=1738282.0	G	5-10	Fr	19	18
2016	12260	985	Bluefield St.	21	1738284.0	Hernandez, Julian	http://stats.ncaa.org/player?game_sport_year_ctl_id=12260&stats_player_seq=1738284.0	G	6-4	Jr	17	3
2016	12260	985	Bluefield St.	10	1398677.0	Holliday, Avery	http://stats.ncaa.org/player?game_sport_year_ctl_id=12260&stats_player_seq=1398677.0	G	6-2	Sr	19	18
2016	12260	985	Bluefield St.	02	1636989.0	Kroll, Mason	http://stats.ncaa.org/player?game_sport_year_ctl_id=12260&stats_player_seq=1636989.0	G	6-0	So	13	0
2016	12260	985	Bluefield St.	11	1738283.0	McCoy, Jamal	http://stats.ncaa.org/player?game_sport_year_ctl_id=12260&stats_player_seq=1738283.0	G	6-4	Jr	17	0
2016	12260	985	Bluefield St.	05	1627304.0	Reno, Dajon	http://stats.ncaa.org/player?game_sport_year_ctl_id=12260&stats_player_seq=1627304.0	G	6-1	Sr	0	0
2016	12260	985	Bluefield St.	42	1738286.0	Williams, Aaron	http://stats.ncaa.org/player?game_sport_year_ctl_id=12260&stats_player_seq=1738286.0	F	6-10	Sr	19	17
2016	12260	985	Bluefield St.	03	1647517.0	Windham, Joshua	http://stats.ncaa.org/player?game_sport_year_ctl_id=12260&stats_player_seq=1647517.0	G	6-1	Jr	19	19
2016	12260	70	Bowie St.	22	1405915.0	Beck, Justin	http://stats.ncaa.org/player?game_sport_year_ctl_id=12260&stats_player_seq=1405915.0	G	6-2	Sr	18	18
2016	12260	70	Bowie St.	25		Belle, David		G	6-3	Fr	0	0
2016	12260	70	Bowie St.	4	1734239.0	Briscoe, Michael	http://stats.ncaa.org/player?game_sport_year_ctl_id=12260&stats_player_seq=1734239.0	G	6-3	Jr	18	17
2016	12260	70	Bowie St.	31	1619236.0	Ebinum, Enuoma	http://stats.ncaa.org/player?game_sport_year_ctl_id=12260&stats_player_seq=1619236.0	F	6-9	Jr	17	16
2016	12260	70	Bowie St.	20	1619237.0	George, Omari	http://stats.ncaa.org/player?game_sport_year_ctl_id=12260&stats_player_seq=1619237.0	G	6-3	So	17	0
2016	12260	70	Bowie St.	15	1734240.0	Goodman, Jordan	http://stats.ncaa.org/player?game_sport_year_ctl_id=12260&stats_player_seq=1734240.0	F	6-8	Sr	7	5
2016	12260	70	Bowie St.	10	1510326.0	Jackson, Andre	http://stats.ncaa.org/player?game_sport_year_ctl_id=12260&stats_player_seq=1510326.0	F	6-6	Sr	18	5
2016	12260	70	Bowie St.	21	1619238.0	Jackson, Miles	http://stats.ncaa.org/player?game_sport_year_ctl_id=12260&stats_player_seq=1619238.0	F	6-7	Sr	16	15
2016	12260	70	Bowie St.	11	1619239.0	Livingston, Julian	http://stats.ncaa.org/player?game_sport_year_ctl_id=12260&stats_player_seq=1619239.0	G	6-5	Sr	18	6
2016	12260	70	Bowie St.	45	1510331.0	Marshall, Tai	http://stats.ncaa.org/player?game_sport_year_ctl_id=12260&stats_player_seq=1510331.0	F	6-8	Jr	16	0
2016	12260	70	Bowie St.	23	1734241.0	Quick, Everette	http://stats.ncaa.org/player?game_sport_year_ctl_id=12260&stats_player_seq=1734241.0	F	6-3	Fr	5	0
2016	12260	70	Bowie St.	1	1619721.0	Tappin, Kenneth	http://stats.ncaa.org/player?game_sport_year_ctl_id=12260&stats_player_seq=1619721.0	G	6-0	Sr	13	1
2016	12260	70	Bowie St.	0	1619240.0	Wells, Dayshawn	http://stats.ncaa.org/player?game_sport_year_ctl_id=12260&stats_player_seq=1619240.0	G	6-1	So	5	0
2016	12260	70	Bowie St.	3	1619241.0	Wilson, Ahmaad	http://stats.ncaa.org/player?game_sport_year_ctl_id=12260&stats_player_seq=1619241.0	G	6-0	So	18	7
2016	12260	30094	Brevard	04	1631153.0	Bostick, D.J.	http://stats.ncaa.org/player?game_sport_year_ctl_id=12260&stats_player_seq=1631153.0	F	6-3	So	14	3
2016	12260	30094	Brevard	24	1738607.0	Brown, Will	http://stats.ncaa.org/player?game_sport_year_ctl_id=12260&stats_player_seq=1738607.0	C	6-9	Fr	10	0
2016	12260	30094	Brevard	15	1631154.0	Debardlabon, Jaylon	http://stats.ncaa.org/player?game_sport_year_ctl_id=12260&stats_player_seq=1631154.0	F	6-4	Jr	0	0
2016	12260	30094	Brevard	02	1631155.0	Dunham, Evan	http://stats.ncaa.org/player?game_sport_year_ctl_id=12260&stats_player_seq=1631155.0	G	6-1	So	14	0
2016	12260	30094	Brevard	23	1738606.0	El Diraoui, Omar	http://stats.ncaa.org/player?game_sport_year_ctl_id=12260&stats_player_seq=1738606.0	F	6-7	Jr	14	10
2016	12260	30094	Brevard	05	1410109.0	Leathers, Miles	http://stats.ncaa.org/player?game_sport_year_ctl_id=12260&stats_player_seq=1410109.0	F	6-3	Sr	14	14
2016	12260	30094	Brevard	41	1410111.0	Moe, Alex	http://stats.ncaa.org/player?game_sport_year_ctl_id=12260&stats_player_seq=1410111.0	C	6-8	Sr	14	14
2016	12260	30094	Brevard	12	1631157.0	Rambert, Fred	http://stats.ncaa.org/player?game_sport_year_ctl_id=12260&stats_player_seq=1631157.0	G	6-3	So	9	1
2016	12260	30094	Brevard	21	1738605.0	Singh, Harry	http://stats.ncaa.org/player?game_sport_year_ctl_id=12260&stats_player_seq=1738605.0	F	6-5	Jr	13	0
2016	12260	30094	Brevard	00	1738603.0	Threatt, Demarcus	http://stats.ncaa.org/player?game_sport_year_ctl_id=12260&stats_player_seq=1738603.0	G	5-10	Jr	14	14
2016	12260	30094	Brevard	10	1631159.0	Wallace, Phil	http://stats.ncaa.org/player?game_sport_year_ctl_id=12260&stats_player_seq=1631159.0	G	6-1	Sr	0	0
2016	12260	30094	Brevard	01	1738604.0	Watts, Jonas	http://stats.ncaa.org/player?game_sport_year_ctl_id=12260&stats_player_seq=1738604.0	G	6-0	Jr	3	0
2016	12260	30094	Brevard	11	1631160.0	Williams, Stevie	http://stats.ncaa.org/player?game_sport_year_ctl_id=12260&stats_player_seq=1631160.0	G	6-1	So	14	14
2016	12260	74	Bridgeport	13	1746939.0	Ahmed, Muhammed	http://stats.ncaa.org/player?game_sport_year_ctl_id=12260&stats_player_seq=1746939.0	F	6-8	Sr	14	14
2016	12260	74	Bridgeport	11	1410237.0	Asamoah, Eddie	http://stats.ncaa.org/player?game_sport_year_ctl_id=12260&stats_player_seq=1410237.0	F	5-6	Sr	14	13
2016	12260	74	Bridgeport	50		Benjamin, Kyle		C	6-6	Jr	0	0
2016	12260	74	Bridgeport	5	1750810.0	Brown, Antoine	http://stats.ncaa.org/player?game_sport_year_ctl_id=12260&stats_player_seq=1750810.0	G	6-2	Sr	3	0
2016	12260	74	Bridgeport	25	1629677.0	Camara, Karamo	http://stats.ncaa.org/player?game_sport_year_ctl_id=12260&stats_player_seq=1629677.0	F	6-3	So	7	0
2016	12260	74	Bridgeport	01	1629674.0	Elliott, Devon	http://stats.ncaa.org/player?game_sport_year_ctl_id=12260&stats_player_seq=1629674.0	G	6-1	Sr	14	14
2016	12260	74	Bridgeport	34	1746942.0	Glantz, Adam	http://stats.ncaa.org/player?game_sport_year_ctl_id=12260&stats_player_seq=1746942.0	G	6-4	Sr	2	0
2016	12260	74	Bridgeport	02	1640153.0	Jones, Jesse	http://stats.ncaa.org/player?game_sport_year_ctl_id=12260&stats_player_seq=1640153.0	G	6-0	Sr	14	1
2016	12260	74	Bridgeport	30	1650127.0	Jovanovic, Miljan	http://stats.ncaa.org/player?game_sport_year_ctl_id=12260&stats_player_seq=1650127.0	G	6-4	Fr	1	0
2016	12260	74	Bridgeport	55	1747281.0	Marbury, Keenan	http://stats.ncaa.org/player?game_sport_year_ctl_id=12260&stats_player_seq=1747281.0	F	6-4	Fr	3	0
2016	12260	74	Bridgeport	03	1746936.0	Mayfield, Montana	http://stats.ncaa.org/player?game_sport_year_ctl_id=12260&stats_player_seq=1746936.0	G	6-0	Jr	12	7
2016	12260	74	Bridgeport	04	1746937.0	Osuji, Stefano	http://stats.ncaa.org/player?game_sport_year_ctl_id=12260&stats_player_seq=1746937.0	G	6-3	Jr	14	0
2016	12260	74	Bridgeport	23	1746940.0	Rankin, Eric	http://stats.ncaa.org/player?game_sport_year_ctl_id=12260&stats_player_seq=1746940.0	G	6-4	So	12	0
2016	12260	74	Bridgeport	15	1515780.0	Rouse, Ernest	http://stats.ncaa.org/player?game_sport_year_ctl_id=12260&stats_player_seq=1515780.0	G	6-1	Sr	11	10
2016	12260	74	Bridgeport	22	1515782.0	Theophil, Mike	http://stats.ncaa.org/player?game_sport_year_ctl_id=12260&stats_player_seq=1515782.0	G	6-1	Jr	6	0
2016	12260	74	Bridgeport	12	1746938.0	Trumbo, D'Vonne	http://stats.ncaa.org/player?game_sport_year_ctl_id=12260&stats_player_seq=1746938.0	G	6-0	Fr	14	11
2016	12260	74	Bridgeport	32	1746941.0	White, Charlie	http://stats.ncaa.org/player?game_sport_year_ctl_id=12260&stats_player_seq=1746941.0	F	6-3	So	5	0
2016	12260	91	Cal Poly Pomona	10	1411997.0	Bell, Barry	http://stats.ncaa.org/player?game_sport_year_ctl_id=12260&stats_player_seq=1411997.0	G	6-2	Sr	17	17
2016	12260	91	Cal Poly Pomona	20	1522153.0	Dennis, Jeremy	http://stats.ncaa.org/player?game_sport_year_ctl_id=12260&stats_player_seq=1522153.0	C	6-5	Jr	17	17
2016	12260	91	Cal Poly Pomona	40	1412002.0	Faison, Jordan	http://stats.ncaa.org/player?game_sport_year_ctl_id=12260&stats_player_seq=1412002.0	F	6-7	Sr	17	17
2016	12260	91	Cal Poly Pomona	31	1411999.0	Hall, Ryan	http://stats.ncaa.org/player?game_sport_year_ctl_id=12260&stats_player_seq=1411999.0	F	6-7	Sr	0	0
2016	12260	91	Cal Poly Pomona	20	1746975.0	Hastings, Scott	http://stats.ncaa.org/player?game_sport_year_ctl_id=12260&stats_player_seq=1746975.0	""	-	N/A	16	0
2016	12260	91	Cal Poly Pomona	21	1634422.0	Lawrence, Daylan	http://stats.ncaa.org/player?game_sport_year_ctl_id=12260&stats_player_seq=1634422.0	G	6-4	So	17	0
2016	12260	91	Cal Poly Pomona	23	1634424.0	Mitchell, Rhon	http://stats.ncaa.org/player?game_sport_year_ctl_id=12260&stats_player_seq=1634424.0	F	6-5	Sr	0	0
2016	12260	91	Cal Poly Pomona	01	1746974.0	Ogundiran, Jordan	http://stats.ncaa.org/player?game_sport_year_ctl_id=12260&stats_player_seq=1746974.0	""	-	N/A	17	0
2016	12260	91	Cal Poly Pomona	00	1634423.0	Sullivan, Chris	http://stats.ncaa.org/player?game_sport_year_ctl_id=12260&stats_player_seq=1634423.0	G	6-3	So	17	17
2016	12260	91	Cal Poly Pomona	25	1522156.0	Taylor, Quentin	http://stats.ncaa.org/player?game_sport_year_ctl_id=12260&stats_player_seq=1522156.0	G	6-2	Jr	17	17
2016	12260	91	Cal Poly Pomona	34	1412001.0	Tchoyi, Francois	http://stats.ncaa.org/player?game_sport_year_ctl_id=12260&stats_player_seq=1412001.0	F	6-5	Sr	17	0
2016	12260	92	Cal St. Dom. Hills	20	1630004.0	Brown, Josh	http://stats.ncaa.org/player?game_sport_year_ctl_id=12260&stats_player_seq=1630004.0	G	5-11	So	16	0
2016	12260	92	Cal St. Dom. Hills	31	1630007.0	Butler, Darius	http://stats.ncaa.org/player?game_sport_year_ctl_id=12260&stats_player_seq=1630007.0	G	6-4	Sr	17	4
2016	12260	92	Cal St. Dom. Hills	32	1746778.0	Caldwell, Arthur	http://stats.ncaa.org/player?game_sport_year_ctl_id=12260&stats_player_seq=1746778.0	F	-	N/A	13	13
2016	12260	92	Cal St. Dom. Hills	01	1746780.0	Carvin, Chris	http://stats.ncaa.org/player?game_sport_year_ctl_id=12260&stats_player_seq=1746780.0	""	-	N/A	2	0
2016	12260	92	Cal St. Dom. Hills	04	1627386.0	Dooley, Ivan	http://stats.ncaa.org/player?game_sport_year_ctl_id=12260&stats_player_seq=1627386.0	G	6-3	Sr	17	17
2016	12260	92	Cal St. Dom. Hills	22	1630005.0	Duvall, Emmett	http://stats.ncaa.org/player?game_sport_year_ctl_id=12260&stats_player_seq=1630005.0	F	6-8	Sr	0	0
2016	12260	92	Cal St. Dom. Hills	02	1746779.0	Golson, Vincent	http://stats.ncaa.org/player?game_sport_year_ctl_id=12260&stats_player_seq=1746779.0	""	-	N/A	16	14
2016	12260	92	Cal St. Dom. Hills	44	1630009.0	Gonzalez, David	http://stats.ncaa.org/player?game_sport_year_ctl_id=12260&stats_player_seq=1630009.0	G	6-2	Sr	0	0
2016	12260	92	Cal St. Dom. Hills	34	1749136.0	Guillory, Wilton	http://stats.ncaa.org/player?game_sport_year_ctl_id=12260&stats_player_seq=1749136.0	""	-	N/A	4	0
2016	12260	92	Cal St. Dom. Hills	05	1627387.0	Hill, Mike	http://stats.ncaa.org/player?game_sport_year_ctl_id=12260&stats_player_seq=1627387.0	G	6-1	Sr	0	0
2016	12260	92	Cal St. Dom. Hills	11	1630003.0	Hunter, Shaq	http://stats.ncaa.org/player?game_sport_year_ctl_id=12260&stats_player_seq=1630003.0	G	6-3	Sr	17	17
2016	12260	92	Cal St. Dom. Hills	24	1630006.0	Nichols, Jonathan	http://stats.ncaa.org/player?game_sport_year_ctl_id=12260&stats_player_seq=1630006.0	G	6-3	So	17	3
2016	12260	92	Cal St. Dom. Hills	21	1519629.0	Sadler, Justin	http://stats.ncaa.org/player?game_sport_year_ctl_id=12260&stats_player_seq=1519629.0	F	6-7	Jr	17	17
2016	12260	92	Cal St. Dom. Hills	03	1627385.0	Woods, Brandon	http://stats.ncaa.org/player?game_sport_year_ctl_id=12260&stats_player_seq=1627385.0	G	6-2	Sr	17	0
2016	12260	98	Cal St. East Bay	2	1739515.0	Balser, Jordan	http://stats.ncaa.org/player?game_sport_year_ctl_id=12260&stats_player_seq=1739515.0	G	6-3	Fr	14	0
2016	12260	98	Cal St. East Bay	3	1739521.0	Carmon, Alex	http://stats.ncaa.org/player?game_sport_year_ctl_id=12260&stats_player_seq=1739521.0	G	6-3	Sr	17	17
2016	12260	98	Cal St. East Bay	21	1739518.0	Carter, Pierre	http://stats.ncaa.org/player?game_sport_year_ctl_id=12260&stats_player_seq=1739518.0	G	6-5	Jr	10	4
2016	12260	98	Cal St. East Bay	RS	1519595.0	Frakes, Kyle	http://stats.ncaa.org/player?game_sport_year_ctl_id=12260&stats_player_seq=1519595.0	C	6-10	Jr	0	0
2016	12260	98	Cal St. East Bay	33	1739519.0	Garrett, Robert	http://stats.ncaa.org/player?game_sport_year_ctl_id=12260&stats_player_seq=1739519.0	C	7-0	Sr	17	2
2016	12260	98	Cal St. East Bay	44	1739520.0	Hohl, Jacob	http://stats.ncaa.org/player?game_sport_year_ctl_id=12260&stats_player_seq=1739520.0	C	6-10	Jr	5	0
2016	12260	98	Cal St. East Bay	15	1739517.0	Manu, Alex	http://stats.ncaa.org/player?game_sport_year_ctl_id=12260&stats_player_seq=1739517.0	G	6-1	Fr	14	2
2016	12260	98	Cal St. East Bay	24	1628917.0	Marr, Patrick	http://stats.ncaa.org/player?game_sport_year_ctl_id=12260&stats_player_seq=1628917.0	F	6-7	So	15	0
2016	12260	98	Cal St. East Bay	13	1628918.0	Mauldin, Tre	http://stats.ncaa.org/player?game_sport_year_ctl_id=12260&stats_player_seq=1628918.0	G	6-1	Sr	16	10
2016	12260	98	Cal St. East Bay	4	1628919.0	Norman, Marcus	http://stats.ncaa.org/player?game_sport_year_ctl_id=12260&stats_player_seq=1628919.0	G	6-1	Sr	3	0
2016	12260	98	Cal St. East Bay	0	1739513.0	Okwudibonye, Ryan	http://stats.ncaa.org/player?game_sport_year_ctl_id=12260&stats_player_seq=1739513.0	F	6-8	Sr	17	15
2016	12260	98	Cal St. East Bay	25	1628921.0	Pasquini, Jack	http://stats.ncaa.org/player?game_sport_year_ctl_id=12260&stats_player_seq=1628921.0	F	6-8	Sr	17	17
2016	12260	98	Cal St. East Bay	5	1739516.0	Richard, Jalen	http://stats.ncaa.org/player?game_sport_year_ctl_id=12260&stats_player_seq=1739516.0	G	6-4	Jr	17	17
2016	12260	98	Cal St. East Bay	23	1403825.0	Singh, Paramvir	http://stats.ncaa.org/player?game_sport_year_ctl_id=12260&stats_player_seq=1403825.0	G	6-3	Jr	16	1
2016	12260	98	Cal St. East Bay	1	1739514.0	Tolson, Marquise	http://stats.ncaa.org/player?game_sport_year_ctl_id=12260&stats_player_seq=1739514.0	F	6-5	Jr	6	0
