year	year_id	team_id	team_name	jersey_number	player_id	player_name	player_url	class_year	position	height	games_played	games_started	minutes_played	field_goals_made	field_goals_attempted	field_goal_percentage	three_point_field_goals	three_point_field_goals_attempted	three_point_field_goal_percentage	free_throws	free_throws_attempted	free_throw_percentage	points	point_per_game	offensive_rebounds	defensive_rebounds	total_rebounds	rebounds_per_game	assists	turnovers	steals	blocks	fouls	double_doubles	triple_doubles	dq
2016	12260	16	Albright	34	1741958	Burke, Patrick	http://stats.ncaa.org/player?game_sport_year_ctl_id=12260&stats_player_seq=1741958	Fr	C	6-10	1	0	8:00	1	1	100.00	 	 	""	 	 	""	2	2.00	 	 	 	""	 	 	 	1	3	 	 	 
2016	12260	16	Albright	30	1741955	Clark, Jayson	http://stats.ncaa.org/player?game_sport_year_ctl_id=12260&stats_player_seq=1741955	Fr	G	6-0	1	0	6:00	1	1	100.00	 	 	""	 	2	0.00	2	2.00	 	 	 	""	 	 	 	 	1	 	 	 
2016	12260	16	Albright	40	1631221	Dunn, Evan	http://stats.ncaa.org/player?game_sport_year_ctl_id=12260&stats_player_seq=1631221	So	F	6-6	1	0	9:00	 	3	""	 	 	""	 	 	""	 	""	1	1	2	2.00	 	1	 	1	2	 	 	 
2016	12260	16	Albright	23	1631218	Smith, Dejuan	http://stats.ncaa.org/player?game_sport_year_ctl_id=12260&stats_player_seq=1631218	So	G	6-2	1	1	26:00	4	9	44.44	1	2	50.00	2	3	66.67	11	11.00	 	2	2	2.00	2	1	3	 	5	 	 	1
2016	12260	16	Albright	4	1631217	Calloway, Jaylin	http://stats.ncaa.org/player?game_sport_year_ctl_id=12260&stats_player_seq=1631217	So	G	6-1	1	0	20:00	3	6	50.00	2	5	40.00	 	 	""	8	8.00	 	2	2	2.00	1	 	 	 	1	 	 	 
2016	12260	16	Albright	14	1631216	Ringgold, Omari	http://stats.ncaa.org/player?game_sport_year_ctl_id=12260&stats_player_seq=1631216	Jr	G	6-2	1	1	26:00	5	16	31.25	2	6	33.33	3	4	75.00	15	15.00	4	1	5	5.00	 	3	1	 	4	 	 	 
2016	12260	16	Albright	50	1522794	Vazzana, Thomas	http://stats.ncaa.org/player?game_sport_year_ctl_id=12260&stats_player_seq=1522794	Jr	C	6-6	1	1	18:00	 	 	""	 	 	""	 	 	""	 	""	2	1	3	3.00	1	 	 	1	2	 	 	 
2016	12260	16	Albright	3	1522790	Marquez, Josh	http://stats.ncaa.org/player?game_sport_year_ctl_id=12260&stats_player_seq=1522790	Jr	G	6-1	1	1	28:00	3	13	23.08	 	2	0.00	9	13	69.23	15	15.00	 	3	3	3.00	3	1	1	1	5	 	 	1
2016	12260	16	Albright	10	1439728	Lombardi, Vince	http://stats.ncaa.org/player?game_sport_year_ctl_id=12260&stats_player_seq=1439728	Sr	G	5-10	1	0	14:00	 	 	""	 	 	""	 	 	""	 	""	 	3	3	3.00	1	3	 	 	2	 	 	 
2016	12260	16	Albright	21	1413465	Ward, Evan	http://stats.ncaa.org/player?game_sport_year_ctl_id=12260&stats_player_seq=1413465	Sr	F	6-4	1	0	22:00	3	6	50.00	 	 	""	2	4	50.00	8	8.00	 	4	4	4.00	 	1	1	2	1	 	 	 
2016	12260	16	Albright	22	1413463	Gantz, Calvert	http://stats.ncaa.org/player?game_sport_year_ctl_id=12260&stats_player_seq=1413463	Jr	C	6-6	1	1	23:00	1	9	11.11	 	 	""	3	5	60.00	5	5.00	7	1	8	8.00	1	1	 	1	3	 	 	 
2016	12260	19	Allegheny	15	1742012	Frisina, Antonio	http://stats.ncaa.org/player?game_sport_year_ctl_id=12260&stats_player_seq=1742012	N/A	G	6-0	1	0	14:00	 	2	""	 	1	0.00	 	 	""	 	""	 	2	2	2.00	1	3	2	 	2	 	 	 
2016	12260	19	Allegheny	20	1631288	Macomber, Conor	http://stats.ncaa.org/player?game_sport_year_ctl_id=12260&stats_player_seq=1631288	Jr	G	6-1	1	1	23:00	1	5	20.00	 	4	0.00	1	1	100.00	3	3.00	 	 	 	""	1	2	 	1	3	 	 	 
2016	12260	19	Allegheny	11	1631285	Wallette, Donte	http://stats.ncaa.org/player?game_sport_year_ctl_id=12260&stats_player_seq=1631285	So	F	6-4	1	0	14:00	3	7	42.86	 	2	0.00	1	2	50.00	7	7.00	2	1	3	3.00	 	 	1	 	1	 	 	 
2016	12260	19	Allegheny	1	1631284	Henderson, Isaiah	http://stats.ncaa.org/player?game_sport_year_ctl_id=12260&stats_player_seq=1631284	So	G	6-0	1	0	23:00	2	7	28.57	 	4	0.00	6	8	75.00	10	10.00	1	1	2	2.00	3	3	2	 	1	 	 	 
2016	12260	19	Allegheny	33	1519330	Zabriski, Evan	http://stats.ncaa.org/player?game_sport_year_ctl_id=12260&stats_player_seq=1519330	Jr	G	6-1	1	1	15:00	1	6	16.67	 	2	0.00	4	4	100.00	6	6.00	 	5	5	5.00	2	1	 	 	1	 	 	 
2016	12260	19	Allegheny	21	1413961	Koryak, Chris	http://stats.ncaa.org/player?game_sport_year_ctl_id=12260&stats_player_seq=1413961	Sr	G	6-2	1	0	17:00	 	1	""	 	 	""	 	 	""	 	""	 	3	3	3.00	 	2	1	 	2	 	 	 
2016	12260	19	Allegheny	10	1413959	Holland, Brian	http://stats.ncaa.org/player?game_sport_year_ctl_id=12260&stats_player_seq=1413959	Sr	G	6-2	1	1	17:00	1	2	50.00	 	1	0.00	 	 	""	2	2.00	 	4	4	4.00	1	 	1	 	 	 	 	 
2016	12260	19	Allegheny	32	1413958	Schweitzer, Evan	http://stats.ncaa.org/player?game_sport_year_ctl_id=12260&stats_player_seq=1413958	Sr	G	6-1	1	1	26:00	3	4	75.00	 	 	""	 	 	""	6	6.00	1	3	4	4.00	1	 	 	 	3	 	 	 
2016	12260	19	Allegheny	23	1413957	Sestina, Andrew	http://stats.ncaa.org/player?game_sport_year_ctl_id=12260&stats_player_seq=1413957	Sr	F	6-7	1	0	7:00	1	1	100.00	 	 	""	2	2	100.00	4	4.00	 	2	2	2.00	 	 	 	 	1	 	 	 
2016	12260	19	Allegheny	22	1286354	Milon, Chris	http://stats.ncaa.org/player?game_sport_year_ctl_id=12260&stats_player_seq=1286354	Sr	F	6-6	1	0	20:00	4	8	50.00	 	 	""	6	14	42.86	14	14.00	3	6	9	9.00	1	1	 	2	2	 	 	 
2016	12260	19	Allegheny	35	1286349	Smith, Brandon	http://stats.ncaa.org/player?game_sport_year_ctl_id=12260&stats_player_seq=1286349	Sr	F	6-5	1	1	24:00	5	10	50.00	 	 	""	 	2	0.00	10	10.00	2	3	5	5.00	1	3	 	1	2	 	 	 
2016	12260	966	Arcadia	42	1745513	Pierfy, Phil	http://stats.ncaa.org/player?game_sport_year_ctl_id=12260&stats_player_seq=1745513	Fr	F	6-5	1	1	18:00	7	12	58.33	 	2	0.00	5	6	83.33	19	19.00	1	3	4	4.00	 	1	 	1	3	 	 	 
2016	12260	966	Arcadia	33	1745512	Reilly, Kyle	http://stats.ncaa.org/player?game_sport_year_ctl_id=12260&stats_player_seq=1745512	Fr	F	6-5	1	0	14:00	1	3	33.33	 	2	0.00	 	 	""	2	2.00	1	7	8	8.00	 	 	 	 	1	 	 	 
2016	12260	966	Arcadia	32	1745511	James, Darren	http://stats.ncaa.org/player?game_sport_year_ctl_id=12260&stats_player_seq=1745511	Fr	C	6-7	1	0	14:00	1	2	50.00	 	 	""	 	 	""	2	2.00	2	1	3	3.00	 	3	 	 	4	 	 	 
2016	12260	966	Arcadia	24	1745509	Slone, Evan	http://stats.ncaa.org/player?game_sport_year_ctl_id=12260&stats_player_seq=1745509	Fr	F	6-6	1	1	25:00	6	12	50.00	 	1	0.00	5	9	55.56	17	17.00	3	5	8	8.00	1	1	1	1	2	 	 	 
2016	12260	966	Arcadia	23	1745508	Clanton, Derrick	http://stats.ncaa.org/player?game_sport_year_ctl_id=12260&stats_player_seq=1745508	So	G	5-10	1	0	2:00	1	1	100.00	 	 	""	1	1	100.00	3	3.00	 	 	 	""	 	 	 	 	1	 	 	 
2016	12260	966	Arcadia	15	1745506	Gray, Kelsey	http://stats.ncaa.org/player?game_sport_year_ctl_id=12260&stats_player_seq=1745506	Fr	G	6-1	1	0	2:00	 	1	""	 	1	0.00	 	 	""	 	""	 	 	 	""	 	 	 	 	 	 	 	 
2016	12260	966	Arcadia	14	1745505	Sander, Jordan	http://stats.ncaa.org/player?game_sport_year_ctl_id=12260&stats_player_seq=1745505	Fr	G	5-9	1	0	8:00	 	2	""	 	1	0.00	 	 	""	 	""	 	1	1	1.00	 	1	1	 	 	 	 	 
2016	12260	966	Arcadia	12	1745503	Bacote, Keith	http://stats.ncaa.org/player?game_sport_year_ctl_id=12260&stats_player_seq=1745503	So	F	6-4	1	0	19:00	 	5	""	 	1	0.00	 	2	0.00	 	""	 	2	2	2.00	1	 	 	 	2	 	 	 
2016	12260	966	Arcadia	5	1745491	Thompson, Brandon	http://stats.ncaa.org/player?game_sport_year_ctl_id=12260&stats_player_seq=1745491	So	G	6-2	1	1	17:00	2	4	50.00	2	3	66.67	 	 	""	6	6.00	 	7	7	7.00	2	1	1	 	1	 	 	 
2016	12260	966	Arcadia	4	1745490	Kelley, Ryan	http://stats.ncaa.org/player?game_sport_year_ctl_id=12260&stats_player_seq=1745490	Jr	G	5-11	1	1	23:00	4	8	50.00	3	3	100.00	2	2	100.00	13	13.00	 	2	2	2.00	4	 	2	 	4	 	 	 
2016	12260	966	Arcadia	1	1745488	Harper, Dimitri	http://stats.ncaa.org/player?game_sport_year_ctl_id=12260&stats_player_seq=1745488	Fr	G	6-1	1	0	5:00	1	2	50.00	 	 	""	 	 	""	2	2.00	 	1	1	1.00	1	 	1	 	2	 	 	 
2016	12260	966	Arcadia	2	1633632	Clemente, Amaar	http://stats.ncaa.org/player?game_sport_year_ctl_id=12260&stats_player_seq=1633632	So	G	6-0	1	0	9:00	 	1	""	 	 	""	 	1	0.00	 	""	 	 	 	""	 	 	 	 	1	 	 	 
2016	12260	966	Arcadia	11	1633631	Brown, Alex	http://stats.ncaa.org/player?game_sport_year_ctl_id=12260&stats_player_seq=1633631	So	G	6-2	1	0	2:00	 	 	""	 	 	""	 	 	""	 	""	 	 	 	""	 	 	 	 	 	 	 	 
2016	12260	966	Arcadia	10	1525304	Feraco, Tom	http://stats.ncaa.org/player?game_sport_year_ctl_id=12260&stats_player_seq=1525304	Jr	G	6-3	1	0	14:00	1	2	50.00	 	 	""	1	4	25.00	3	3.00	2	2	4	4.00	1	1	1	 	2	 	 	 
2016	12260	966	Arcadia	0	1408638	Landro, John	http://stats.ncaa.org/player?game_sport_year_ctl_id=12260&stats_player_seq=1408638	Sr	G	6-2	1	1	28:00	4	12	33.33	2	5	40.00	2	2	100.00	12	12.00	1	3	4	4.00	5	1	 	 	1	 	 	 
2016	12260	40	Augustana (IL)	32	1742405	Orange, Chrishawn	http://stats.ncaa.org/player?game_sport_year_ctl_id=12260&stats_player_seq=1742405	Fr	G	6-2	1	0	18:00	1	4	25.00	 	2	0.00	3	4	75.00	5	5.00	 	 	 	""	1	 	2	 	2	 	 	 
2016	12260	40	Augustana (IL)	91	1742403	Ebel, Nolan	http://stats.ncaa.org/player?game_sport_year_ctl_id=12260&stats_player_seq=1742403	Fr	C	6-0	1	0	4:00	1	1	100.00	1	1	100.00	 	 	""	3	3.00	 	2	2	2.00	 	1	 	 	 	 	 	 
2016	12260	40	Augustana (IL)	30	1627877	Sortillo, Dylan	http://stats.ncaa.org/player?game_sport_year_ctl_id=12260&stats_player_seq=1627877	So	G	6-2	1	0	22:00	1	6	16.67	1	4	25.00	 	 	""	3	3.00	 	2	2	2.00	2	1	 	 	2	 	 	 
2016	12260	40	Augustana (IL)	52	1518584	Hoekstra, Michael	http://stats.ncaa.org/player?game_sport_year_ctl_id=12260&stats_player_seq=1518584	Jr	F	6-7	1	0	11:00	2	2	100.00	 	 	""	1	2	50.00	5	5.00	2	3	5	5.00	 	 	 	 	1	 	 	 
2016	12260	40	Augustana (IL)	45	1518582	Johnston, Jacob	http://stats.ncaa.org/player?game_sport_year_ctl_id=12260&stats_player_seq=1518582	Jr	G	6-5	1	0	19:00	5	6	83.33	1	1	100.00	4	4	100.00	15	15.00	1	 	1	1.00	2	2	2	 	3	 	 	 
2016	12260	40	Augustana (IL)	42	1414790	Motzel, Brandon	http://stats.ncaa.org/player?game_sport_year_ctl_id=12260&stats_player_seq=1414790	Sr	F	6-7	1	0	12:00	2	3	66.67	 	 	""	5	8	62.50	9	9.00	4	1	5	5.00	 	 	 	 	2	 	 	 
2016	12260	40	Augustana (IL)	44	1414789	Gylten, Jake	http://stats.ncaa.org/player?game_sport_year_ctl_id=12260&stats_player_seq=1414789	Sr	F	6-6	1	0	4:00	 	 	""	 	 	""	 	 	""	 	""	 	1	1	1.00	 	2	 	 	1	 	 	 
2016	12260	40	Augustana (IL)	23	1414455	Straughter, Jawan	http://stats.ncaa.org/player?game_sport_year_ctl_id=12260&stats_player_seq=1414455	Sr	G	6-1	1	1	22:00	 	2	""	 	1	0.00	 	 	""	 	""	1	4	5	5.00	4	3	3	 	4	 	 	 
2016	12260	40	Augustana (IL)	22	1414454	Norcia, Jake	http://stats.ncaa.org/player?game_sport_year_ctl_id=12260&stats_player_seq=1414454	Sr	G	6-0	1	0	4:00	 	1	""	 	1	0.00	 	 	""	 	""	 	1	1	1.00	1	 	 	 	 	 	 	 
2016	12260	40	Augustana (IL)	34	1398932	Ryan, Ben	http://stats.ncaa.org/player?game_sport_year_ctl_id=12260&stats_player_seq=1398932	Sr	F	6-5	1	1	21:00	4	6	66.67	 	1	0.00	4	8	50.00	12	12.00	3	3	6	6.00	2	1	 	1	 	 	 	 
2016	12260	40	Augustana (IL)	25	1398931	Johnson, Tayvian	http://stats.ncaa.org/player?game_sport_year_ctl_id=12260&stats_player_seq=1398931	Sr	F	6-6	1	1	14:00	3	3	100.00	 	 	""	 	 	""	6	6.00	1	2	3	3.00	 	2	 	 	4	 	 	 
2016	12260	40	Augustana (IL)	24	1398930	Pils, Griffin	http://stats.ncaa.org/player?game_sport_year_ctl_id=12260&stats_player_seq=1398930	Sr	G	6-4	1	1	23:00	2	5	40.00	1	4	25.00	2	2	100.00	7	7.00	1	2	3	3.00	 	1	3	 	1	 	 	 
2016	12260	40	Augustana (IL)	14	1398929	Hill, Hunter	http://stats.ncaa.org/player?game_sport_year_ctl_id=12260&stats_player_seq=1398929	Sr	G	5-9	1	1	26:00	6	7	85.71	4	4	100.00	7	8	87.50	23	23.00	 	 	 	""	1	1	 	 	1	 	 	 
2016	12260	146	Clarkson	13	1742742	Canery, Malaquias	http://stats.ncaa.org/player?game_sport_year_ctl_id=12260&stats_player_seq=1742742	Fr	G	5-10	1	0	15:00	2	4	50.00	 	 	""	 	 	""	4	4.00	1	1	2	2.00	 	3	 	 	2	 	 	 
2016	12260	146	Clarkson	4	1742740	Frank, Aidan	http://stats.ncaa.org/player?game_sport_year_ctl_id=12260&stats_player_seq=1742740	Fr	G	5-10	1	0	 	 	 	""	 	 	""	 	 	""	 	""	 	 	 	""	 	1	 	 	 	 	 	 
2016	12260	146	Clarkson	3	1742739	Ellis, Liam	http://stats.ncaa.org/player?game_sport_year_ctl_id=12260&stats_player_seq=1742739	Fr	G	5-11	1	1	34:00	3	11	27.27	1	5	20.00	 	 	""	7	7.00	3	1	4	4.00	2	3	 	 	1	 	 	 
2016	12260	146	Clarkson	42	1518628	Hart, Derek	http://stats.ncaa.org/player?game_sport_year_ctl_id=12260&stats_player_seq=1518628	Jr	F	6-7	1	0	24:00	4	8	50.00	 	 	""	3	5	60.00	11	11.00	1	3	4	4.00	 	2	 	 	1	 	 	 
2016	12260	146	Clarkson	23	1518626	Zampier, Conrad	http://stats.ncaa.org/player?game_sport_year_ctl_id=12260&stats_player_seq=1518626	Jr	G	6-1	1	1	33:00	2	5	40.00	1	4	25.00	5	7	71.43	10	10.00	 	3	3	3.00	1	2	 	 	 	 	 	 
2016	12260	146	Clarkson	21	1518625	Zlogar, Drew	http://stats.ncaa.org/player?game_sport_year_ctl_id=12260&stats_player_seq=1518625	Jr	F	6-5	1	1	37:00	2	10	20.00	2	6	33.33	6	6	100.00	12	12.00	2	5	7	7.00	2	1	1	 	2	 	 	 
2016	12260	146	Clarkson	30	1409518	Liss, Jeremy	http://stats.ncaa.org/player?game_sport_year_ctl_id=12260&stats_player_seq=1409518	Sr	G	6-4	1	1	21:00	1	2	50.00	 	 	""	 	 	""	2	2.00	2	1	3	3.00	1	2	 	 	2	 	 	 
2016	12260	146	Clarkson	14	1409515	Abongo, Felix	http://stats.ncaa.org/player?game_sport_year_ctl_id=12260&stats_player_seq=1409515	Sr	G	6-4	1	1	36:00	6	9	66.67	 	1	0.00	3	6	50.00	15	15.00	2	9	11	11.00	3	3	3	 	5	1	 	1
2016	12260	30111	Covenant	24	1740803	Twagirayezu, Patjo	http://stats.ncaa.org/player?game_sport_year_ctl_id=12260&stats_player_seq=1740803	So	F	6-6	1	1	26:00	1	7	14.29	1	6	16.67	 	 	""	3	3.00	 	2	2	2.00	1	2	1	 	3	 	 	 
2016	12260	30111	Covenant	13	1740802	Spragg, Bailey	http://stats.ncaa.org/player?game_sport_year_ctl_id=12260&stats_player_seq=1740802	Fr	G	6-0	1	0	8:00	1	2	50.00	 	1	0.00	 	 	""	2	2.00	 	1	1	1.00	 	2	 	 	 	 	 	 
2016	12260	30111	Covenant	11	1740801	Pettus, Tankk	http://stats.ncaa.org/player?game_sport_year_ctl_id=12260&stats_player_seq=1740801	Fr	G	6-2	1	0	3:00	 	 	""	 	 	""	1	2	50.00	1	1.00	 	 	 	""	 	 	 	 	 	 	 	 
2016	12260	30111	Covenant	0	1740799	Dryden, Berto	http://stats.ncaa.org/player?game_sport_year_ctl_id=12260&stats_player_seq=1740799	So	G	5-11	1	1	27:00	5	8	62.50	2	3	66.67	2	2	100.00	14	14.00	1	3	4	4.00	4	1	3	 	2	 	 	 
2016	12260	30111	Covenant	52	1541019	Sears, Connor	http://stats.ncaa.org/player?game_sport_year_ctl_id=12260&stats_player_seq=1541019	Jr	F	6-5	1	0	7:00	1	1	100.00	1	1	100.00	 	 	""	3	3.00	 	2	2	2.00	 	1	 	 	 	 	 	 
2016	12260	30111	Covenant	3	1521584	Portlock, Will	http://stats.ncaa.org/player?game_sport_year_ctl_id=12260&stats_player_seq=1521584	Jr	G	6-2	1	1	27:00	3	4	75.00	 	1	0.00	 	 	""	6	6.00	1	5	6	6.00	1	1	1	 	3	 	 	 
2016	12260	30111	Covenant	10	1521583	Phelps, Ben	http://stats.ncaa.org/player?game_sport_year_ctl_id=12260&stats_player_seq=1521583	Jr	G	5-9	1	0	12:00	1	3	33.33	 	2	0.00	 	 	""	2	2.00	1	1	2	2.00	 	1	 	 	1	 	 	 
2016	12260	30111	Covenant	12	1521579	Arima, Z	http://stats.ncaa.org/player?game_sport_year_ctl_id=12260&stats_player_seq=1521579	Jr	G	6-0	1	0	12:00	2	2	100.00	2	2	100.00	2	3	66.67	8	8.00	 	3	3	3.00	1	1	 	 	1	 	 	 
2016	12260	30111	Covenant	22	1409727	Boyd, Chris	http://stats.ncaa.org/player?game_sport_year_ctl_id=12260&stats_player_seq=1409727	Sr	F	6-6	1	1	33:00	5	9	55.56	 	 	""	2	3	66.67	12	12.00	 	3	3	3.00	1	2	1	2	4	 	 	 
2016	12260	30111	Covenant	15	1409723	den Dulk, Matt	http://stats.ncaa.org/player?game_sport_year_ctl_id=12260&stats_player_seq=1409723	Sr	G	6-3	1	0	17:00	2	6	33.33	2	5	40.00	 	 	""	6	6.00	1	4	5	5.00	2	1	 	 	1	 	 	 
2016	12260	30111	Covenant	5	1293781	Cox, TJ	http://stats.ncaa.org/player?game_sport_year_ctl_id=12260&stats_player_seq=1293781	Sr	G	5-10	1	1	28:00	1	8	12.50	1	5	20.00	2	3	66.67	5	5.00	 	3	3	3.00	2	3	1	 	2	 	 	 
2016	12260	200	Eastern Conn. St.	50	1742121	Hyatt, Leonel	http://stats.ncaa.org/player?game_sport_year_ctl_id=12260&stats_player_seq=1742121	Fr	F	6-5	1	0	14:00	 	1	""	 	 	""	 	 	""	 	""	1	2	3	3.00	 	1	 	1	1	 	 	 
2016	12260	200	Eastern Conn. St.	21	1742120	Collins, Jacob	http://stats.ncaa.org/player?game_sport_year_ctl_id=12260&stats_player_seq=1742120	So	F	6-5	1	0	2:00	 	1	""	 	 	""	 	 	""	 	""	 	 	 	""	 	 	 	 	 	 	 	 
2016	12260	200	Eastern Conn. St.	11	1742119	Christian, Dontae	http://stats.ncaa.org/player?game_sport_year_ctl_id=12260&stats_player_seq=1742119	Fr	G	6-0	1	0	2:00	 	 	""	 	 	""	 	 	""	 	""	 	 	 	""	 	 	 	 	 	 	 	 
2016	12260	200	Eastern Conn. St.	31	1742118	Arnum, Tyrell	http://stats.ncaa.org/player?game_sport_year_ctl_id=12260&stats_player_seq=1742118	Fr	G	6-6	1	1	12:00	4	11	36.36	 	1	0.00	2	2	100.00	10	10.00	4	1	5	5.00	 	2	 	1	2	 	 	 
2016	12260	200	Eastern Conn. St.	14	1631130	Young, Brenden	http://stats.ncaa.org/player?game_sport_year_ctl_id=12260&stats_player_seq=1631130	So	G	6-2	1	0	1:00	 	 	""	 	 	""	 	 	""	 	""	 	 	 	""	 	 	 	 	 	 	 	 
2016	12260	200	Eastern Conn. St.	10	1631127	Jordan, Collin	http://stats.ncaa.org/player?game_sport_year_ctl_id=12260&stats_player_seq=1631127	So	G	5-11	1	0	15:00	2	6	33.33	1	3	33.33	 	 	""	5	5.00	1	 	1	1.00	 	1	 	 	3	 	 	 
2016	12260	200	Eastern Conn. St.	12	1521061	Lindo, Hugh	http://stats.ncaa.org/player?game_sport_year_ctl_id=12260&stats_player_seq=1521061	Jr	F	6-4	1	1	24:00	 	6	""	 	 	""	2	4	50.00	2	2.00	4	2	6	6.00	1	2	 	3	3	 	 	 
2016	12260	200	Eastern Conn. St.	42	1521060	Kuczenski, Brandon	http://stats.ncaa.org/player?game_sport_year_ctl_id=12260&stats_player_seq=1521060	Jr	F	6-5	1	1	21:00	2	2	100.00	 	 	""	1	3	33.33	5	5.00	1	1	2	2.00	1	 	 	 	 	 	 	 
2016	12260	200	Eastern Conn. St.	32	1521058	Canny, David	http://stats.ncaa.org/player?game_sport_year_ctl_id=12260&stats_player_seq=1521058	Jr	C	6-11	1	0	17:00	2	3	66.67	 	 	""	 	 	""	4	4.00	1	5	6	6.00	1	 	 	 	2	 	 	 
2016	12260	200	Eastern Conn. St.	24	1521057	Borofsky, Alex	http://stats.ncaa.org/player?game_sport_year_ctl_id=12260&stats_player_seq=1521057	Jr	F	6-4	1	0	1:00	 	 	""	 	 	""	 	 	""	 	""	 	 	 	""	 	 	 	 	 	 	 	 
2016	12260	200	Eastern Conn. St.	44	1411709	Sterner, Matthew	http://stats.ncaa.org/player?game_sport_year_ctl_id=12260&stats_player_seq=1411709	Sr	F	6-5	1	0	2:00	 	 	""	 	 	""	 	 	""	 	""	 	1	1	1.00	 	 	 	 	 	 	 	 
2016	12260	200	Eastern Conn. St.	1	1411708	Sciro, Michael-Thomas	http://stats.ncaa.org/player?game_sport_year_ctl_id=12260&stats_player_seq=1411708	Sr	G	6-1	1	0	22:00	 	6	""	 	3	0.00	1	2	50.00	1	1.00	1	1	2	2.00	 	 	 	 	4	 	 	 
2016	12260	200	Eastern Conn. St.	20	1411707	Preston, Trachone	http://stats.ncaa.org/player?game_sport_year_ctl_id=12260&stats_player_seq=1411707	Sr	G	5-9	1	1	32:00	5	11	45.45	1	3	33.33	6	8	75.00	17	17.00	3	4	7	7.00	 	2	1	 	2	 	 	 
2016	12260	200	Eastern Conn. St.	23	1411706	Leumene, Kevin	http://stats.ncaa.org/player?game_sport_year_ctl_id=12260&stats_player_seq=1411706	Sr	G	6-2	1	1	35:00	3	14	21.43	 	4	0.00	 	2	0.00	6	6.00	1	4	5	5.00	1	2	4	1	3	 	 	 
2016	12260	276	Haverford	25	1733526	Stogdon, Sam	http://stats.ncaa.org/player?game_sport_year_ctl_id=12260&stats_player_seq=1733526	Fr	F	6-6	1	0	1:00	 	 	""	 	 	""	 	 	""	 	""	 	1	1	1.00	 	 	 	 	 	 	 	 
2016	12260	276	Haverford	32	1733524	Scibelli, Joe	http://stats.ncaa.org/player?game_sport_year_ctl_id=12260&stats_player_seq=1733524	Fr	F	6-5	1	1	16:00	1	3	33.33	 	 	""	 	2	0.00	2	2.00	2	1	3	3.00	 	2	 	2	5	 	 	1
2016	12260	276	Haverford	5	1733523	Kwakwa, Kofi	http://stats.ncaa.org/player?game_sport_year_ctl_id=12260&stats_player_seq=1733523	Fr	G	6-0	1	0	3:00	 	1	""	 	1	0.00	1	2	50.00	1	1.00	 	 	 	""	 	 	 	 	 	 	 	 
2016	12260	276	Haverford	23	1733521	Glazer, Chris	http://stats.ncaa.org/player?game_sport_year_ctl_id=12260&stats_player_seq=1733521	Fr	G	6-3	1	0	2:00	 	 	""	 	 	""	 	 	""	 	""	 	 	 	""	 	 	 	 	 	 	 	 
2016	12260	276	Haverford	31	1733520	Garnes, Kahlil	http://stats.ncaa.org/player?game_sport_year_ctl_id=12260&stats_player_seq=1733520	Fr	G	6-2	1	0	28:00	7	11	63.64	2	3	66.67	5	7	71.43	21	21.00	1	5	6	6.00	 	5	 	 	1	 	 	 
2016	12260	276	Haverford	34	1620074	Plumlee, Walt	http://stats.ncaa.org/player?game_sport_year_ctl_id=12260&stats_player_seq=1620074	So	G	6-2	1	1	34:00	6	16	37.50	1	7	14.29	 	1	0.00	13	13.00	1	7	8	8.00	1	1	 	 	2	 	 	 
2016	12260	276	Haverford	42	1620072	Fried, Josh	http://stats.ncaa.org/player?game_sport_year_ctl_id=12260&stats_player_seq=1620072	So	C	6-8	1	0	19:00	1	2	50.00	 	 	""	 	 	""	2	2.00	1	3	4	4.00	 	1	 	4	5	 	 	1
2016	12260	276	Haverford	10	1620071	Evans, Jeremy	http://stats.ncaa.org/player?game_sport_year_ctl_id=12260&stats_player_seq=1620071	So	G	6-3	1	0	18:00	 	5	""	 	4	0.00	 	 	""	 	""	1	 	1	1.00	 	1	 	 	1	 	 	 
2016	12260	276	Haverford	3	1520090	Sherman, Matt	http://stats.ncaa.org/player?game_sport_year_ctl_id=12260&stats_player_seq=1520090	Jr	G	5-10	1	1	38:00	7	17	41.18	 	3	0.00	4	6	66.67	18	18.00	 	5	5	5.00	2	2	1	 	5	 	 	1
2016	12260	276	Haverford	20	1401876	Winkler, Justin	http://stats.ncaa.org/player?game_sport_year_ctl_id=12260&stats_player_seq=1401876	Sr	F	6-4	1	1	24:00	 	1	""	 	 	""	1	2	50.00	1	1.00	1	8	9	9.00	1	1	2	 	2	 	 	 
2016	12260	276	Haverford	2	1401874	Stevens, Henry	http://stats.ncaa.org/player?game_sport_year_ctl_id=12260&stats_player_seq=1401874	Sr	G	5-11	1	1	17:00	1	4	25.00	1	1	100.00	 	 	""	3	3.00	 	2	2	2.00	1	2	1	 	2	 	 	 
2016	12260	2741	Howard Payne	22	1743554	Cole, Shadd	http://stats.ncaa.org/player?game_sport_year_ctl_id=12260&stats_player_seq=1743554	Fr	G	6-2	1	0	5:00	 	 	""	 	 	""	 	 	""	 	""	 	 	 	""	 	1	 	 	2	 	 	 
2016	12260	2741	Howard Payne	01	1743549	Frank, Cam	http://stats.ncaa.org/player?game_sport_year_ctl_id=12260&stats_player_seq=1743549	Fr	G	5-10	1	0	6:00	 	1	""	 	1	0.00	 	 	""	 	""	 	 	 	""	 	 	 	 	1	 	 	 
2016	12260	2741	Howard Payne	00	1743548	Foreman, Willie	http://stats.ncaa.org/player?game_sport_year_ctl_id=12260&stats_player_seq=1743548	Jr	F	6-6	1	0	7:00	1	1	100.00	 	 	""	 	 	""	2	2.00	 	1	1	1.00	1	1	1	 	5	 	 	1
2016	12260	2741	Howard Payne	5	1633555	Willis, Volney	http://stats.ncaa.org/player?game_sport_year_ctl_id=12260&stats_player_seq=1633555	So	G	5-8	1	1	35:00	5	9	55.56	4	5	80.00	 	 	""	14	14.00	 	4	4	4.00	3	4	 	 	2	 	 	 
2016	12260	2741	Howard Payne	23	1633554	Randolph, Jaze	http://stats.ncaa.org/player?game_sport_year_ctl_id=12260&stats_player_seq=1633554	So	G	5-10	1	0	 	 	1	""	 	1	0.00	 	 	""	 	""	 	 	 	""	 	 	 	 	 	 	 	 
2016	12260	2741	Howard Payne	25	1633551	Bailey, J	http://stats.ncaa.org/player?game_sport_year_ctl_id=12260&stats_player_seq=1633551	So	F	6-6	1	1	22:00	6	8	75.00	 	 	""	 	2	0.00	12	12.00	2	5	7	7.00	 	1	 	4	5	 	 	1
2016	12260	2741	Howard Payne	24	1633550	Vaden, Evan	http://stats.ncaa.org/player?game_sport_year_ctl_id=12260&stats_player_seq=1633550	Jr	F	6-3	1	0	13:00	1	2	50.00	 	1	0.00	3	5	60.00	5	5.00	1	1	2	2.00	 	1	1	 	5	 	 	1
2016	12260	2741	Howard Payne	21	1633548	Gile, Curtis	http://stats.ncaa.org/player?game_sport_year_ctl_id=12260&stats_player_seq=1633548	Sr	F	6-5	1	1	35:00	1	4	25.00	1	1	100.00	5	8	62.50	8	8.00	1	8	9	9.00	4	2	 	1	3	 	 	 
2016	12260	2741	Howard Payne	3	1633545	Guillory, Rickey	http://stats.ncaa.org/player?game_sport_year_ctl_id=12260&stats_player_seq=1633545	So	G	6-2	1	1	36:00	3	7	42.86	1	1	100.00	5	9	55.56	12	12.00	 	3	3	3.00	5	2	2	2	5	 	 	1
2016	12260	2741	Howard Payne	2	1633544	Randall, Khyce	http://stats.ncaa.org/player?game_sport_year_ctl_id=12260&stats_player_seq=1633544	So	G	6-1	1	1	37:00	4	12	33.33	3	5	60.00	9	10	90.00	20	20.00	2	9	11	11.00	3	10	 	 	5	1	 	1
2016	12260	2741	Howard Payne	20	1523143	Jenkins, Donovan	http://stats.ncaa.org/player?game_sport_year_ctl_id=12260&stats_player_seq=1523143	Jr	G	6-2	1	0	4:00	 	 	""	 	 	""	 	 	""	 	""	 	1	1	1.00	 	2	 	 	1	 	 	 
2016	12260	292	Hunter	24	1741012	Ashamole, Robert	http://stats.ncaa.org/player?game_sport_year_ctl_id=12260&stats_player_seq=1741012	Jr	G	6-4	1	1	39:00	7	18	38.89	1	6	16.67	 	 	""	15	15.00	1	3	4	4.00	3	2	1	2	3	 	 	 
2016	12260	292	Hunter	22	1741011	Stevens, Lowell	http://stats.ncaa.org/player?game_sport_year_ctl_id=12260&stats_player_seq=1741011	Jr	F	6-3	1	0	10:00	2	3	66.67	 	 	""	 	 	""	4	4.00	 	1	1	1.00	1	 	 	 	 	 	 	 
2016	12260	292	Hunter	5	1741009	Beschta, Vuyisile	http://stats.ncaa.org/player?game_sport_year_ctl_id=12260&stats_player_seq=1741009	Jr	F	6-4	1	0	1:00	 	2	""	 	 	""	 	 	""	 	""	 	1	1	1.00	 	 	 	 	 	 	 	 
2016	12260	292	Hunter	2	1741008	Ashamole, Marcus	http://stats.ncaa.org/player?game_sport_year_ctl_id=12260&stats_player_seq=1741008	Fr	G	6-4	1	1	13:00	3	5	60.00	 	2	0.00	 	 	""	6	6.00	 	1	1	1.00	3	2	 	 	3	 	 	 
2016	12260	292	Hunter	23	1633689	Lukac, Amer	http://stats.ncaa.org/player?game_sport_year_ctl_id=12260&stats_player_seq=1633689	So	G	6-4	1	0	4:00	 	1	""	 	1	0.00	2	4	50.00	2	2.00	 	 	 	""	 	 	 	 	1	 	 	 
2016	12260	292	Hunter	21	1628801	Shulman, Dan	http://stats.ncaa.org/player?game_sport_year_ctl_id=12260&stats_player_seq=1628801	So	F	6-5	1	0	14:00	2	7	28.57	2	7	28.57	 	 	""	6	6.00	1	2	3	3.00	 	 	1	 	2	 	 	 
2016	12260	292	Hunter	20	1628800	Franks, Matt	http://stats.ncaa.org/player?game_sport_year_ctl_id=12260&stats_player_seq=1628800	So	F	6-5	1	1	26:00	1	5	20.00	 	2	0.00	 	 	""	2	2.00	1	3	4	4.00	 	 	 	 	 	 	 	 
2016	12260	292	Hunter	11	1628798	Mattina, Alex	http://stats.ncaa.org/player?game_sport_year_ctl_id=12260&stats_player_seq=1628798	So	G	6-3	1	0	25:00	4	7	57.14	2	4	50.00	1	2	50.00	11	11.00	1	1	2	2.00	3	4	 	 	3	 	 	 
2016	12260	292	Hunter	4	1628797	Carty, Gerard	http://stats.ncaa.org/player?game_sport_year_ctl_id=12260&stats_player_seq=1628797	So	G	5-10	1	0	3:00	 	1	""	 	 	""	 	 	""	 	""	 	1	1	1.00	 	 	 	 	2	 	 	 
2016	12260	292	Hunter	33	1408857	Borusiewicz, Robert	http://stats.ncaa.org/player?game_sport_year_ctl_id=12260&stats_player_seq=1408857	Sr	F	6-6	1	1	29:00	5	9	55.56	 	 	""	4	4	100.00	14	14.00	6	9	15	15.00	1	2	2	1	2	1	 	 
2016	12260	292	Hunter	10	1408853	Kruger, Brian	http://stats.ncaa.org/player?game_sport_year_ctl_id=12260&stats_player_seq=1408853	Sr	G	6-0	1	1	36:00	8	20	40.00	3	13	23.08	2	2	100.00	21	21.00	2	3	5	5.00	4	1	1	 	1	 	 	 
2016	12260	329	Kean	34	1742835	Gomez, Tre	http://stats.ncaa.org/player?game_sport_year_ctl_id=12260&stats_player_seq=1742835	Fr	G	6-2	1	0	3:00	1	1	100.00	1	1	100.00	 	 	""	3	3.00	 	 	 	""	 	 	 	 	 	 	 	 
2016	12260	329	Kean	32	1742833	Myers, Robbie	http://stats.ncaa.org/player?game_sport_year_ctl_id=12260&stats_player_seq=1742833	Fr	F	6-5	1	1	24:00	 	5	""	 	1	0.00	2	2	100.00	2	2.00	1	3	4	4.00	 	4	 	 	5	 	 	1
2016	12260	329	Kean	31	1742831	Mlenak, Keith	http://stats.ncaa.org/player?game_sport_year_ctl_id=12260&stats_player_seq=1742831	Fr	G	5-11	1	0	6:00	1	1	100.00	 	 	""	 	 	""	2	2.00	1	 	1	1.00	1	 	2	 	 	 	 	 
2016	12260	329	Kean	23	1742830	Thompson, Jodrell	http://stats.ncaa.org/player?game_sport_year_ctl_id=12260&stats_player_seq=1742830	Fr	G	6-0	1	0	16:00	1	3	33.33	 	1	0.00	2	3	66.67	4	4.00	 	2	2	2.00	2	3	1	 	5	 	 	1
2016	12260	329	Kean	21	1742829	Watson, Justin	http://stats.ncaa.org/player?game_sport_year_ctl_id=12260&stats_player_seq=1742829	Fr	G	6-2	1	0	11:00	1	5	20.00	1	4	25.00	1	2	50.00	4	4.00	 	 	 	""	 	 	 	 	2	 	 	 
2016	12260	329	Kean	20	1742828	Schafmeister, Ben	http://stats.ncaa.org/player?game_sport_year_ctl_id=12260&stats_player_seq=1742828	Fr	F	6-5	1	0	 	 	 	""	 	 	""	 	 	""	 	""	1	 	1	1.00	 	 	 	 	 	 	 	 
2016	12260	329	Kean	14	1742827	Redfurn, Laceon	http://stats.ncaa.org/player?game_sport_year_ctl_id=12260&stats_player_seq=1742827	Fr	G	6-0	1	0	8:00	 	3	""	 	1	0.00	 	 	""	 	""	1	 	1	1.00	1	2	 	 	1	 	 	 
2016	12260	329	Kean	05	1742826	Conrey, William	http://stats.ncaa.org/player?game_sport_year_ctl_id=12260&stats_player_seq=1742826	Fr	F	6-6	1	1	14:00	 	2	""	 	1	0.00	 	 	""	 	""	 	 	 	""	 	1	 	 	5	 	 	1
2016	12260	329	Kean	04	1742825	Williams Jr., Keenan	http://stats.ncaa.org/player?game_sport_year_ctl_id=12260&stats_player_seq=1742825	Fr	G	5-11	1	0	8:00	 	2	""	 	2	0.00	 	 	""	 	""	 	1	1	1.00	1	 	 	 	1	 	 	 
2016	12260	329	Kean	03	1742824	Crismond, Jerry	http://stats.ncaa.org/player?game_sport_year_ctl_id=12260&stats_player_seq=1742824	So	G	6-3	1	1	20:00	3	4	75.00	2	2	100.00	1	2	50.00	9	9.00	 	1	1	1.00	1	1	 	 	2	 	 	 
2016	12260	329	Kean	45	1742823	Connors, Danny	http://stats.ncaa.org/player?game_sport_year_ctl_id=12260&stats_player_seq=1742823	Fr	G	5-9	1	0	5:00	 	2	""	 	1	0.00	2	2	100.00	2	2.00	 	1	1	1.00	1	2	 	 	 	 	 	 
2016	12260	329	Kean	33	1632396	Bradley, Timothy	http://stats.ncaa.org/player?game_sport_year_ctl_id=12260&stats_player_seq=1632396	So	G	6-1	1	0	22:00	5	6	83.33	2	2	100.00	 	1	0.00	12	12.00	1	5	6	6.00	2	1	 	1	3	 	 	 
2016	12260	329	Kean	12	1632394	Pollick, Brendan	http://stats.ncaa.org/player?game_sport_year_ctl_id=12260&stats_player_seq=1632394	So	G	5-11	1	0	8:00	1	2	50.00	 	 	""	3	4	75.00	5	5.00	 	1	1	1.00	 	1	 	 	2	 	 	 
2016	12260	329	Kean	10	1521549	Grek, Kevin	http://stats.ncaa.org/player?game_sport_year_ctl_id=12260&stats_player_seq=1521549	Jr	G	5-9	1	1	21:00	3	7	42.86	2	4	50.00	 	 	""	8	8.00	1	2	3	3.00	3	3	 	 	 	 	 	 
2016	12260	329	Kean	25	1412174	Muldowney, Adam	http://stats.ncaa.org/player?game_sport_year_ctl_id=12260&stats_player_seq=1412174	Sr	G	6-1	1	0	8:00	 	1	""	 	1	0.00	 	 	""	 	""	 	 	 	""	 	1	 	 	 	 	 	 
2016	12260	329	Kean	11	1412172	Diamond, Mike	http://stats.ncaa.org/player?game_sport_year_ctl_id=12260&stats_player_seq=1412172	Sr	G	6-1	1	0	 	 	 	""	 	 	""	 	 	""	 	""	 	 	 	""	 	1	 	 	 	 	 	 
2016	12260	329	Kean	13	1412171	Soulias, Tommy	http://stats.ncaa.org/player?game_sport_year_ctl_id=12260&stats_player_seq=1412171	Sr	G	6-3	1	1	26:00	4	13	30.77	1	5	20.00	2	2	100.00	11	11.00	 	2	2	2.00	 	 	1	 	1	 	 	 
2016	12260	341	La Verne	24	1744849	Gustafson, Evan	http://stats.ncaa.org/player?game_sport_year_ctl_id=12260&stats_player_seq=1744849	Fr	F	6-6	1	0	14:00	3	5	60.00	 	 	""	1	1	100.00	7	7.00	1	2	3	3.00	 	 	 	 	1	 	 	 
2016	12260	341	La Verne	21	1744848	McHenry, Ryan	http://stats.ncaa.org/player?game_sport_year_ctl_id=12260&stats_player_seq=1744848	So	G	6-3	1	0	18:00	 	 	""	 	 	""	 	 	""	 	""	 	5	5	5.00	3	1	 	 	3	 	 	 
2016	12260	341	La Verne	35	1628982	Head, Connor	http://stats.ncaa.org/player?game_sport_year_ctl_id=12260&stats_player_seq=1628982	So	G	6-1	1	0	20:00	2	6	33.33	 	1	0.00	2	2	100.00	6	6.00	 	5	5	5.00	2	3	1	1	 	 	 	 
2016	12260	341	La Verne	32	1628979	White, Anthony	http://stats.ncaa.org/player?game_sport_year_ctl_id=12260&stats_player_seq=1628979	So	G	6-2	1	1	32:00	9	18	50.00	6	11	54.55	 	 	""	24	24.00	4	3	7	7.00	 	 	 	1	3	 	 	 
2016	12260	341	La Verne	03	1628978	Costa, Victor	http://stats.ncaa.org/player?game_sport_year_ctl_id=12260&stats_player_seq=1628978	So	G	6-4	1	0	5:00	 	1	""	 	1	0.00	 	 	""	 	""	 	 	 	""	 	1	 	 	 	 	 	 
2016	12260	341	La Verne	34	1520969	Stokes, Jordan	http://stats.ncaa.org/player?game_sport_year_ctl_id=12260&stats_player_seq=1520969	Jr	F	6-5	1	0	 	 	1	""	 	 	""	 	 	""	 	""	 	 	 	""	 	 	 	 	 	 	 	 
2016	12260	341	La Verne	13	1520966	McClain, Kendall	http://stats.ncaa.org/player?game_sport_year_ctl_id=12260&stats_player_seq=1520966	Jr	G	6-3	1	1	31:00	7	11	63.64	4	7	57.14	3	5	60.00	21	21.00	3	2	5	5.00	1	1	1	2	4	 	 	 
2016	12260	341	La Verne	10	1520965	Mertens, Cruz	http://stats.ncaa.org/player?game_sport_year_ctl_id=12260&stats_player_seq=1520965	Jr	G	6-4	1	1	21:00	3	7	42.86	3	7	42.86	 	 	""	9	9.00	 	2	2	2.00	 	1	 	 	5	 	 	1
2016	12260	341	La Verne	05	1520964	Mason, Khaneal	http://stats.ncaa.org/player?game_sport_year_ctl_id=12260&stats_player_seq=1520964	Jr	G	5-10	1	1	21:00	1	2	50.00	 	 	""	3	4	75.00	5	5.00	 	 	 	""	2	3	1	 	4	 	 	 
2016	12260	341	La Verne	14	1520963	Warwick, Tony	http://stats.ncaa.org/player?game_sport_year_ctl_id=12260&stats_player_seq=1520963	Jr	G	5-7	1	0	8:00	1	2	50.00	 	 	""	 	 	""	2	2.00	 	1	1	1.00	2	 	 	 	1	 	 	 
2016	12260	341	La Verne	01	1520958	Langley, Brandon	http://stats.ncaa.org/player?game_sport_year_ctl_id=12260&stats_player_seq=1520958	Jr	G	6-0	1	0	5:00	 	1	""	 	1	0.00	 	 	""	 	""	 	 	 	""	 	1	 	 	 	 	 	 
2016	12260	341	La Verne	25	1411107	Lewis, Nicholas	http://stats.ncaa.org/player?game_sport_year_ctl_id=12260&stats_player_seq=1411107	Sr	F	6-6	1	0	8:00	 	2	""	 	1	0.00	 	 	""	 	""	 	 	 	""	1	 	 	 	2	 	 	 
2016	12260	341	La Verne	23	1411105	Stiver, Brian	http://stats.ncaa.org/player?game_sport_year_ctl_id=12260&stats_player_seq=1411105	Sr	C	6-7	1	1	17:00	3	3	100.00	 	 	""	 	 	""	6	6.00	1	 	1	1.00	 	4	 	 	3	 	 	 
2016	12260	373	Lycoming	14	1741583	Yamaki, Hiro	http://stats.ncaa.org/player?game_sport_year_ctl_id=12260&stats_player_seq=1741583	Fr	G	6-2	1	0	4:00	 	1	""	 	 	""	 	 	""	 	""	 	1	1	1.00	 	1	 	 	 	 	 	 
2016	12260	373	Lycoming	33	1741582	Meek, Nick	http://stats.ncaa.org/player?game_sport_year_ctl_id=12260&stats_player_seq=1741582	Fr	F	6-7	1	0	8:00	 	2	""	 	 	""	 	 	""	 	""	 	3	3	3.00	2	 	 	 	2	 	 	 
2016	12260	373	Lycoming	5	1741581	Kee, Willie	http://stats.ncaa.org/player?game_sport_year_ctl_id=12260&stats_player_seq=1741581	Fr	G	5-10	1	1	9:00	1	2	50.00	 	 	""	 	 	""	2	2.00	 	1	1	1.00	 	1	 	 	1	 	 	 
2016	12260	373	Lycoming	2	1741580	Johnson, David	http://stats.ncaa.org/player?game_sport_year_ctl_id=12260&stats_player_seq=1741580	Jr	G	5-9	1	0	18:00	6	11	54.55	1	2	50.00	4	4	100.00	17	17.00	4	1	5	5.00	3	2	1	 	3	 	 	 
2016	12260	373	Lycoming	4	1741579	Howze, Jordan	http://stats.ncaa.org/player?game_sport_year_ctl_id=12260&stats_player_seq=1741579	Fr	G	6-0	1	0	13:00	 	1	""	 	 	""	3	4	75.00	3	3.00	 	2	2	2.00	1	4	 	 	2	 	 	 
2016	12260	373	Lycoming	23	1741578	Hammarstedt, Johan	http://stats.ncaa.org/player?game_sport_year_ctl_id=12260&stats_player_seq=1741578	Fr	G	6-0	1	0	9:00	1	2	50.00	 	1	0.00	2	2	100.00	4	4.00	 	1	1	1.00	 	 	 	 	2	 	 	 
2016	12260	373	Lycoming	10	1741577	Duckett, T.J.	http://stats.ncaa.org/player?game_sport_year_ctl_id=12260&stats_player_seq=1741577	Fr	G	6-3	1	0	12:00	3	5	60.00	3	4	75.00	 	 	""	9	9.00	 	2	2	2.00	 	 	 	 	1	 	 	 
2016	12260	373	Lycoming	15	1741576	Cole, Serge	http://stats.ncaa.org/player?game_sport_year_ctl_id=12260&stats_player_seq=1741576	Fr	F	6-4	1	0	4:00	 	 	""	 	 	""	1	2	50.00	1	1.00	 	2	2	2.00	 	 	 	 	 	 	 	 
2016	12260	373	Lycoming	13	1741575	Chandler, Calvin	http://stats.ncaa.org/player?game_sport_year_ctl_id=12260&stats_player_seq=1741575	Fr	F	6-6	1	0	12:00	1	1	100.00	 	 	""	 	 	""	2	2.00	1	1	2	2.00	1	1	 	 	1	 	 	 
2016	12260	373	Lycoming	31	1650983	Wilson, Roger	http://stats.ncaa.org/player?game_sport_year_ctl_id=12260&stats_player_seq=1650983	So	F	6-6	1	1	12:00	3	5	60.00	 	 	""	 	2	0.00	6	6.00	1	2	3	3.00	 	 	 	 	2	 	 	 
2016	12260	373	Lycoming	24	1631305	Wallace, Chris	http://stats.ncaa.org/player?game_sport_year_ctl_id=12260&stats_player_seq=1631305	So	F	6-4	1	0	12:00	3	6	50.00	 	 	""	1	4	25.00	7	7.00	2	3	5	5.00	1	 	4	1	3	 	 	 
2016	12260	373	Lycoming	20	1631303	Newbold, Alex	http://stats.ncaa.org/player?game_sport_year_ctl_id=12260&stats_player_seq=1631303	So	G	5-10	1	1	13:00	5	9	55.56	 	 	""	1	2	50.00	11	11.00	1	2	3	3.00	3	2	1	1	2	 	 	 
2016	12260	373	Lycoming	1	1528690	King, Nykolas	http://stats.ncaa.org/player?game_sport_year_ctl_id=12260&stats_player_seq=1528690	Jr	G	6-2	1	1	19:00	6	7	85.71	 	 	""	1	2	50.00	13	13.00	1	6	7	7.00	4	2	1	 	2	 	 	 
2016	12260	373	Lycoming	3	1409395	Taylor, Armani	http://stats.ncaa.org/player?game_sport_year_ctl_id=12260&stats_player_seq=1409395	Sr	G	6-2	1	0	14:00	 	4	""	 	 	""	1	2	50.00	1	1.00	1	1	2	2.00	2	1	1	 	1	 	 	 
2016	12260	373	Lycoming	21	1409393	Monkam, John	http://stats.ncaa.org/player?game_sport_year_ctl_id=12260&stats_player_seq=1409393	Sr	G	6-4	1	0	18:00	3	9	33.33	 	 	""	6	7	85.71	12	12.00	4	3	7	7.00	 	1	1	 	3	 	 	 
2016	12260	373	Lycoming	12	1409391	Ishman, Eric	http://stats.ncaa.org/player?game_sport_year_ctl_id=12260&stats_player_seq=1409391	Sr	G	6-1	1	1	23:00	3	10	30.00	3	7	42.86	 	 	""	9	9.00	1	5	6	6.00	4	2	1	 	1	 	 	 
2016	12260	411	Messiah	33	1742989	McHenry, Garret	http://stats.ncaa.org/player?game_sport_year_ctl_id=12260&stats_player_seq=1742989	Fr	F	6-5	1	0	8:00	 	5	""	 	1	0.00	 	 	""	 	""	1	1	2	2.00	 	 	2	 	2	 	 	 
2016	12260	411	Messiah	3	1742983	Meredith, Jonah	http://stats.ncaa.org/player?game_sport_year_ctl_id=12260&stats_player_seq=1742983	So	F	6-7	1	1	34:00	5	10	50.00	1	5	20.00	4	4	100.00	15	15.00	3	5	8	8.00	1	1	1	 	4	 	 	 
2016	12260	411	Messiah	35	1632071	Bracket, Jimmy	http://stats.ncaa.org/player?game_sport_year_ctl_id=12260&stats_player_seq=1632071	Sr	F	6-7	1	0	12:00	 	 	""	 	 	""	2	2	100.00	2	2.00	 	5	5	5.00	 	2	 	1	3	 	 	 
2016	12260	411	Messiah	5	1632070	Hess, Matt	http://stats.ncaa.org/player?game_sport_year_ctl_id=12260&stats_player_seq=1632070	So	G	5-11	1	0	22:00	1	4	25.00	 	1	0.00	 	 	""	2	2.00	 	1	1	1.00	2	 	 	 	1	 	 	 
2016	12260	411	Messiah	22	1632069	Murren, Neil	http://stats.ncaa.org/player?game_sport_year_ctl_id=12260&stats_player_seq=1632069	So	G	6-1	1	0	4:00	 	 	""	 	 	""	 	1	0.00	 	""	1	 	1	1.00	 	 	 	 	1	 	 	 
2016	12260	411	Messiah	12	1632066	Hope, Willie	http://stats.ncaa.org/player?game_sport_year_ctl_id=12260&stats_player_seq=1632066	So	G	5-4	1	0	2:00	 	 	""	 	 	""	 	 	""	 	""	 	 	 	""	 	 	 	 	 	 	 	 
2016	12260	411	Messiah	30	1632065	Cable, Luke	http://stats.ncaa.org/player?game_sport_year_ctl_id=12260&stats_player_seq=1632065	Jr	G	5-10	1	1	25:00	1	6	16.67	 	3	0.00	 	 	""	2	2.00	1	3	4	4.00	2	1	2	 	2	 	 	 
2016	12260	411	Messiah	2	1632064	Brown, Micah	http://stats.ncaa.org/player?game_sport_year_ctl_id=12260&stats_player_seq=1632064	So	G	6-2	1	1	33:00	10	17	58.82	 	4	0.00	3	4	75.00	23	23.00	 	1	1	1.00	2	1	5	 	1	 	 	 
2016	12260	411	Messiah	25	1520338	Clippinger, Josh	http://stats.ncaa.org/player?game_sport_year_ctl_id=12260&stats_player_seq=1520338	Jr	F	6-7	1	1	31:00	7	11	63.64	1	2	50.00	1	4	25.00	16	16.00	5	5	10	10.00	 	1	1	 	1	1	 	 
2016	12260	411	Messiah	32	1399072	Boyle, Geoff	http://stats.ncaa.org/player?game_sport_year_ctl_id=12260&stats_player_seq=1399072	Sr	F	6-8	1	1	29:00	6	14	42.86	1	2	50.00	6	10	60.00	19	19.00	3	4	7	7.00	2	2	 	 	2	 	 	 
2016	12260	1226	Minn.-Morris	34	1741483	Fisher, Anthony	http://stats.ncaa.org/player?game_sport_year_ctl_id=12260&stats_player_seq=1741483	Jr	C	6-5	1	0	11:00	4	7	57.14	1	2	50.00	 	2	0.00	9	9.00	1	4	5	5.00	1	2	1	 	1	 	 	 
2016	12260	1226	Minn.-Morris	23	1741482	Johnson, Kyler	http://stats.ncaa.org/player?game_sport_year_ctl_id=12260&stats_player_seq=1741482	Fr	G	6-5	1	0	12:00	1	5	20.00	 	2	0.00	 	2	0.00	2	2.00	1	 	1	1.00	1	 	1	 	2	 	 	 
2016	12260	1226	Minn.-Morris	20	1741481	Halverson, Jeffrey	http://stats.ncaa.org/player?game_sport_year_ctl_id=12260&stats_player_seq=1741481	Fr	F	6-9	1	0	10:00	1	2	50.00	 	 	""	 	 	""	2	2.00	1	2	3	3.00	 	 	1	 	1	 	 	 
2016	12260	1226	Minn.-Morris	04	1741480	Grove, Noah	http://stats.ncaa.org/player?game_sport_year_ctl_id=12260&stats_player_seq=1741480	Fr	G	6-4	1	0	18:00	5	13	38.46	1	4	25.00	1	1	100.00	12	12.00	1	2	3	3.00	1	 	1	 	2	 	 	 
2016	12260	1226	Minn.-Morris	03	1741479	Halverson, Jeremy	http://stats.ncaa.org/player?game_sport_year_ctl_id=12260&stats_player_seq=1741479	Fr	G	6-6	1	0	15:00	1	4	25.00	1	4	25.00	 	 	""	3	3.00	 	 	 	""	1	1	 	 	2	 	 	 
2016	12260	1226	Minn.-Morris	30	1633961	Ukkleburg, Tyler	http://stats.ncaa.org/player?game_sport_year_ctl_id=12260&stats_player_seq=1633961	Jr	G	6-2	1	1	19:00	 	4	""	 	2	0.00	1	2	50.00	1	1.00	 	2	2	2.00	1	2	 	 	2	 	 	 
2016	12260	1226	Minn.-Morris	15	1633959	Degendorfer, Matt	http://stats.ncaa.org/player?game_sport_year_ctl_id=12260&stats_player_seq=1633959	So	G	6-1	1	0	5:00	2	3	66.67	2	3	66.67	 	 	""	6	6.00	 	 	 	""	2	 	1	 	1	 	 	 
2016	12260	1226	Minn.-Morris	11	1633958	Douglas, CD	http://stats.ncaa.org/player?game_sport_year_ctl_id=12260&stats_player_seq=1633958	So	G	6-2	1	1	26:00	3	10	30.00	 	 	""	 	 	""	6	6.00	1	1	2	2.00	3	4	 	1	2	 	 	 
2016	12260	1226	Minn.-Morris	05	1633957	Erickson, Dylan	http://stats.ncaa.org/player?game_sport_year_ctl_id=12260&stats_player_seq=1633957	So	G	6-1	1	1	25:00	3	10	30.00	2	5	40.00	 	 	""	8	8.00	 	2	2	2.00	 	3	1	 	3	 	 	 
2016	12260	1226	Minn.-Morris	12	1522883	Haseman, John	http://stats.ncaa.org/player?game_sport_year_ctl_id=12260&stats_player_seq=1522883	Jr	F	6-3	1	1	23:00	2	4	50.00	 	 	""	 	 	""	4	4.00	 	2	2	2.00	1	 	 	 	2	 	 	 
2016	12260	1226	Minn.-Morris	14	1435809	Heysse, Kevin	http://stats.ncaa.org/player?game_sport_year_ctl_id=12260&stats_player_seq=1435809	Sr	G	6-5	1	0	13:00	3	5	60.00	1	2	50.00	 	 	""	7	7.00	1	1	2	2.00	2	2	 	 	3	 	 	 
2016	12260	1226	Minn.-Morris	32	1410082	Roggenbuck, Joe	http://stats.ncaa.org/player?game_sport_year_ctl_id=12260&stats_player_seq=1410082	Sr	C	6-3	1	1	23:00	4	7	57.14	 	 	""	1	5	20.00	9	9.00	 	3	3	3.00	1	1	1	 	1	 	 	 
2016	12260	30067	Morrisville St.	42	1741832	Dorsey, Quinn	http://stats.ncaa.org/player?game_sport_year_ctl_id=12260&stats_player_seq=1741832	Jr	F	6-2	1	0	5:00	 	 	""	 	 	""	 	 	""	 	""	 	 	 	""	 	 	 	 	1	 	 	 
2016	12260	30067	Morrisville St.	34	1741831	Cook, Storm	http://stats.ncaa.org/player?game_sport_year_ctl_id=12260&stats_player_seq=1741831	Fr	F	6-4	1	0	18:00	4	7	57.14	 	 	""	 	 	""	8	8.00	 	4	4	4.00	 	 	1	 	2	 	 	 
2016	12260	30067	Morrisville St.	11	1741826	Hoose, Jordan	http://stats.ncaa.org/player?game_sport_year_ctl_id=12260&stats_player_seq=1741826	Jr	F	6-5	1	1	23:00	2	2	100.00	 	 	""	2	3	66.67	6	6.00	1	4	5	5.00	2	5	1	3	4	 	 	 
2016	12260	30067	Morrisville St.	10	1645169	Barlow, Qwuhail	http://stats.ncaa.org/player?game_sport_year_ctl_id=12260&stats_player_seq=1645169	Jr	G	6-0	1	1	32:00	5	11	45.45	 	1	0.00	 	 	""	10	10.00	 	2	2	2.00	5	2	1	1	2	 	 	 
2016	12260	30067	Morrisville St.	33	1631627	Bliss, Tyler	http://stats.ncaa.org/player?game_sport_year_ctl_id=12260&stats_player_seq=1631627	Sr	F	6-2	1	0	17:00	2	3	66.67	 	1	0.00	 	 	""	4	4.00	 	2	2	2.00	1	2	 	 	2	 	 	 
2016	12260	30067	Morrisville St.	23	1631626	Ward, Trent	http://stats.ncaa.org/player?game_sport_year_ctl_id=12260&stats_player_seq=1631626	So	G	6-1	1	1	39:00	6	13	46.15	3	5	60.00	2	2	100.00	17	17.00	1	2	3	3.00	4	1	3	 	2	 	 	 
2016	12260	30067	Morrisville St.	12	1631624	Hulbert, Joe	http://stats.ncaa.org/player?game_sport_year_ctl_id=12260&stats_player_seq=1631624	Jr	G	6-1	1	1	35:00	3	8	37.50	3	6	50.00	 	 	""	9	9.00	 	2	2	2.00	1	 	 	 	1	 	 	 
2016	12260	30067	Morrisville St.	5	1631622	Toure, Ibrahima	http://stats.ncaa.org/player?game_sport_year_ctl_id=12260&stats_player_seq=1631622	Sr	F	6-4	1	1	17:00	3	5	60.00	 	 	""	3	4	75.00	9	9.00	1	1	2	2.00	 	1	1	 	3	 	 	 
2016	12260	30067	Morrisville St.	1	1537325	Daley, Unel	http://stats.ncaa.org/player?game_sport_year_ctl_id=12260&stats_player_seq=1537325	Jr	G	5-11	1	0	14:00	 	 	""	 	 	""	1	2	50.00	1	1.00	 	1	1	1.00	 	2	 	 	4	 	 	 
2016	12260	1267	Northland	24	1744206	Dunbar, Jake	http://stats.ncaa.org/player?game_sport_year_ctl_id=12260&stats_player_seq=1744206	Fr	F	6-2	1	0	2:00	1	1	100.00	 	 	""	 	 	""	2	2.00	 	 	 	""	 	 	 	 	 	 	 	 
2016	12260	1267	Northland	23	1744205	Szilagyi, Kyle	http://stats.ncaa.org/player?game_sport_year_ctl_id=12260&stats_player_seq=1744205	Fr	F	6-6	1	0	11:00	 	 	""	 	 	""	 	1	0.00	 	""	 	 	 	""	 	 	 	 	 	 	 	 
2016	12260	1267	Northland	12	1744204	Tovar, Cristopher	http://stats.ncaa.org/player?game_sport_year_ctl_id=12260&stats_player_seq=1744204	Fr	G	6-0	1	0	16:00	 	5	""	 	4	0.00	 	 	""	 	""	1	2	3	3.00	 	3	1	 	 	 	 	 
2016	12260	1267	Northland	11	1744203	Bonk, Mitch	http://stats.ncaa.org/player?game_sport_year_ctl_id=12260&stats_player_seq=1744203	Fr	G	6-3	1	0	3:00	 	 	""	 	 	""	 	 	""	 	""	1	 	1	1.00	 	1	 	 	1	 	 	 
2016	12260	1267	Northland	10	1744202	Houle, Aaron	http://stats.ncaa.org/player?game_sport_year_ctl_id=12260&stats_player_seq=1744202	Fr	G	6-1	1	0	15:00	1	5	20.00	1	5	20.00	 	 	""	3	3.00	 	1	1	1.00	1	 	 	 	1	 	 	 
2016	12260	1267	Northland	4	1744201	Galland, Brandon	http://stats.ncaa.org/player?game_sport_year_ctl_id=12260&stats_player_seq=1744201	Fr	G	5-10	1	0	11:00	 	2	""	 	1	0.00	1	2	50.00	1	1.00	 	3	3	3.00	2	4	1	 	2	 	 	 
2016	12260	1267	Northland	3	1744200	Bellissimo, Brandon	http://stats.ncaa.org/player?game_sport_year_ctl_id=12260&stats_player_seq=1744200	Fr	G	5-10	1	0	2:00	1	2	50.00	 	1	0.00	 	 	""	2	2.00	 	1	1	1.00	 	1	 	 	 	 	 	 
2016	12260	1267	Northland	34	1644461	Lucas, Harrison	http://stats.ncaa.org/player?game_sport_year_ctl_id=12260&stats_player_seq=1644461	Jr	G	6-2	1	0	14:00	4	6	66.67	2	2	100.00	1	2	50.00	11	11.00	 	1	1	1.00	1	 	 	 	2	 	 	 
2016	12260	1267	Northland	44	1623233	Whiting, Thomas	http://stats.ncaa.org/player?game_sport_year_ctl_id=12260&stats_player_seq=1623233	So	F	6-7	1	1	10:00	1	1	100.00	 	 	""	 	 	""	2	2.00	 	1	1	1.00	 	3	 	 	4	 	 	 
2016	12260	1267	Northland	33	1623232	Brown, Bryshaun	http://stats.ncaa.org/player?game_sport_year_ctl_id=12260&stats_player_seq=1623232	Sr	F	6-5	1	1	24:00	5	13	38.46	1	5	20.00	1	2	50.00	12	12.00	2	3	5	5.00	 	3	1	 	2	 	 	 
2016	12260	1267	Northland	20	1623229	Nicholls, Nathan	http://stats.ncaa.org/player?game_sport_year_ctl_id=12260&stats_player_seq=1623229	So	F	6-6	1	0	16:00	 	1	""	 	1	0.00	 	2	0.00	 	""	 	5	5	5.00	 	 	 	 	3	 	 	 
2016	12260	1267	Northland	30	1518319	Peterson, Tyler	http://stats.ncaa.org/player?game_sport_year_ctl_id=12260&stats_player_seq=1518319	Jr	F	6-5	1	1	29:00	3	7	42.86	 	1	0.00	 	 	""	6	6.00	 	2	2	2.00	1	3	 	 	3	 	 	 
2016	12260	1267	Northland	21	1518316	Harris, Maverick	http://stats.ncaa.org/player?game_sport_year_ctl_id=12260&stats_player_seq=1518316	Jr	G	6-0	1	1	18:00	1	7	14.29	 	2	0.00	 	 	""	2	2.00	1	2	3	3.00	1	 	 	1	 	 	 	 
2016	12260	1267	Northland	5	1518312	Campion, Dan	http://stats.ncaa.org/player?game_sport_year_ctl_id=12260&stats_player_seq=1518312	Jr	G	5-10	1	1	29:00	4	8	50.00	2	3	66.67	4	5	80.00	14	14.00	1	2	3	3.00	2	1	1	 	2	 	 	 
2016	12260	259	Rowan	4	1740198	DePersia, Rob	http://stats.ncaa.org/player?game_sport_year_ctl_id=12260&stats_player_seq=1740198	Fr	F	5-9	1	1	36:00	4	7	57.14	 	2	0.00	2	3	66.67	10	10.00	1	 	1	1.00	3	1	3	 	1	 	 	 
2016	12260	259	Rowan	21	1740197	DePersia, Nick	http://stats.ncaa.org/player?game_sport_year_ctl_id=12260&stats_player_seq=1740197	Fr	G	5-11	1	1	35:00	4	10	40.00	2	6	33.33	 	 	""	10	10.00	 	6	6	6.00	2	2	 	 	1	 	 	 
2016	12260	259	Rowan	24	1740196	Carthan, Gary	http://stats.ncaa.org/player?game_sport_year_ctl_id=12260&stats_player_seq=1740196	Jr	F	6-2	1	0	15:00	 	3	""	 	3	0.00	 	 	""	 	""	1	2	3	3.00	1	3	1	 	4	 	 	 
2016	12260	259	Rowan	25	1628160	Smierciak, Tommy	http://stats.ncaa.org/player?game_sport_year_ctl_id=12260&stats_player_seq=1628160	So	F	6-5	1	0	9:00	 	1	""	 	 	""	1	2	50.00	1	1.00	 	3	3	3.00	 	 	 	 	3	 	 	 
2016	12260	259	Rowan	3	1628158	Booth, TJ	http://stats.ncaa.org/player?game_sport_year_ctl_id=12260&stats_player_seq=1628158	So	F	6-4	1	0	11:00	 	1	""	 	 	""	2	2	100.00	2	2.00	1	 	1	1.00	1	 	 	 	3	 	 	 
2016	12260	259	Rowan	11	1628157	Robinson, Darryl	http://stats.ncaa.org/player?game_sport_year_ctl_id=12260&stats_player_seq=1628157	Sr	G	6-3	1	0	5:00	 	1	""	 	1	0.00	2	4	50.00	2	2.00	2	2	4	4.00	 	 	 	 	 	 	 	 
2016	12260	259	Rowan	15	1518833	O'Connor, Kris	http://stats.ncaa.org/player?game_sport_year_ctl_id=12260&stats_player_seq=1518833	Sr	G	5-11	1	1	35:00	7	19	36.84	3	7	42.86	1	1	100.00	18	18.00	1	7	8	8.00	2	6	3	 	3	 	 	 
2016	12260	259	Rowan	13	1518830	Borrelli, Josh	http://stats.ncaa.org/player?game_sport_year_ctl_id=12260&stats_player_seq=1518830	Jr	G	6-1	1	0	8:00	 	2	""	 	 	""	 	 	""	 	""	 	 	 	""	1	2	 	 	2	 	 	 
2016	12260	259	Rowan	30	1409185	Gross, Chris	http://stats.ncaa.org/player?game_sport_year_ctl_id=12260&stats_player_seq=1409185	Sr	F	6-6	1	1	21:00	6	12	50.00	1	1	100.00	1	2	50.00	14	14.00	3	4	7	7.00	 	2	 	 	3	 	 	 
2016	12260	259	Rowan	54	1409183	Brogan, Dan	http://stats.ncaa.org/player?game_sport_year_ctl_id=12260&stats_player_seq=1409183	Sr	C	6-7	1	1	25:00	1	3	33.33	 	 	""	2	2	100.00	4	4.00	1	6	7	7.00	2	2	 	 	4	 	 	 
2016	12260	475	SUNY New Paltz	34	1745052	Tolliver, Brandon	http://stats.ncaa.org/player?game_sport_year_ctl_id=12260&stats_player_seq=1745052	Fr	F	6-3	1	0	6:00	1	1	100.00	 	 	""	 	 	""	2	2.00	1	 	1	1.00	 	 	1	 	 	 	 	 
2016	12260	475	SUNY New Paltz	33	1745051	Paquette, Nick	http://stats.ncaa.org/player?game_sport_year_ctl_id=12260&stats_player_seq=1745051	Fr	F	6-3	1	0	6:00	1	2	50.00	 	 	""	 	 	""	2	2.00	2	 	2	2.00	2	 	 	 	 	 	 	 
2016	12260	475	SUNY New Paltz	25	1745049	Guest, Brandon	http://stats.ncaa.org/player?game_sport_year_ctl_id=12260&stats_player_seq=1745049	Jr	F	6-5	1	1	32:00	4	11	36.36	 	 	""	2	4	50.00	10	10.00	1	5	6	6.00	3	 	2	 	 	 	 	 
2016	12260	475	SUNY New Paltz	24	1745048	Rosa, R.J.	http://stats.ncaa.org/player?game_sport_year_ctl_id=12260&stats_player_seq=1745048	Sr	G	6-4	1	1	37:00	10	19	52.63	5	13	38.46	2	2	100.00	27	27.00	2	5	7	7.00	 	3	 	1	4	 	 	 
2016	12260	475	SUNY New Paltz	21	1626545	Mulvey, Taylor	http://stats.ncaa.org/player?game_sport_year_ctl_id=12260&stats_player_seq=1626545	Jr	C	6-8	1	0	18:00	2	3	66.67	2	3	66.67	 	 	""	6	6.00	1	4	5	5.00	 	2	1	2	3	 	 	 
2016	12260	475	SUNY New Paltz	22	1519255	Seniuk, Andrew	http://stats.ncaa.org/player?game_sport_year_ctl_id=12260&stats_player_seq=1519255	Jr	F	6-3	1	1	29:00	3	5	60.00	 	2	0.00	3	5	60.00	9	9.00	1	1	2	2.00	 	2	1	 	3	 	 	 
2016	12260	475	SUNY New Paltz	05	1519251	Regenbogen, Eric	http://stats.ncaa.org/player?game_sport_year_ctl_id=12260&stats_player_seq=1519251	Jr	G	6-0	1	0	16:00	 	3	""	 	1	0.00	1	2	50.00	1	1.00	1	 	1	1.00	1	3	2	 	1	 	 	 
2016	12260	475	SUNY New Paltz	32	1401232	Perlman, Alex	http://stats.ncaa.org/player?game_sport_year_ctl_id=12260&stats_player_seq=1401232	Sr	F	6-4	1	1	22:00	3	5	60.00	 	 	""	3	4	75.00	9	9.00	1	1	2	2.00	 	 	 	1	3	 	 	 
2016	12260	475	SUNY New Paltz	23	1401225	Donovan, Keegan	http://stats.ncaa.org/player?game_sport_year_ctl_id=12260&stats_player_seq=1401225	Sr	G	5-11	1	1	34:00	2	11	18.18	 	3	0.00	 	1	0.00	4	4.00	 	 	 	""	6	2	1	 	3	 	 	 
2016	12260	612	Saint Mary's (MN)	30	1741892	Tayson, Charlie	http://stats.ncaa.org/player?game_sport_year_ctl_id=12260&stats_player_seq=1741892	Fr	F	6-6	1	0	16:00	 	1	""	 	1	0.00	2	4	50.00	2	2.00	 	1	1	1.00	1	1	 	 	 	 	 	 
2016	12260	612	Saint Mary's (MN)	22	1741890	Endahl, Kai	http://stats.ncaa.org/player?game_sport_year_ctl_id=12260&stats_player_seq=1741890	Fr	G	6-1	1	0	23:00	5	7	71.43	1	3	33.33	1	2	50.00	12	12.00	3	1	4	4.00	3	3	 	 	1	 	 	 
2016	12260	612	Saint Mary's (MN)	05	1741889	Smith-Pugh, Quashingm	http://stats.ncaa.org/player?game_sport_year_ctl_id=12260&stats_player_seq=1741889	Jr	G	6-3	1	1	27:00	5	9	55.56	 	2	0.00	5	8	62.50	15	15.00	1	7	8	8.00	1	3	 	 	2	 	 	 
2016	12260	612	Saint Mary's (MN)	04	1741888	Cullen, James	http://stats.ncaa.org/player?game_sport_year_ctl_id=12260&stats_player_seq=1741888	So	G	5-8	1	0	14:00	1	2	50.00	1	2	50.00	 	 	""	3	3.00	 	 	 	""	1	1	1	 	 	 	 	 
2016	12260	612	Saint Mary's (MN)	03	1741887	Walbeck, Braden	http://stats.ncaa.org/player?game_sport_year_ctl_id=12260&stats_player_seq=1741887	Fr	G	6-2	1	0	11:00	2	3	66.67	2	3	66.67	 	 	""	6	6.00	 	 	 	""	1	1	 	 	 	 	 	 
2016	12260	612	Saint Mary's (MN)	02	1741886	Gleason, Kevin	http://stats.ncaa.org/player?game_sport_year_ctl_id=12260&stats_player_seq=1741886	Fr	G	5-10	1	1	15:00	2	4	50.00	1	2	50.00	 	 	""	5	5.00	 	 	 	""	2	2	1	1	4	 	 	 
2016	12260	612	Saint Mary's (MN)	50	1632724	Schumacher, Mark	http://stats.ncaa.org/player?game_sport_year_ctl_id=12260&stats_player_seq=1632724	Sr	F	6-8	1	0	17:00	6	8	75.00	 	1	0.00	1	5	20.00	13	13.00	2	5	7	7.00	 	2	 	2	2	 	 	 
2016	12260	612	Saint Mary's (MN)	21	1632719	Kaiser, Connor	http://stats.ncaa.org/player?game_sport_year_ctl_id=12260&stats_player_seq=1632719	Sr	G	6-0	1	1	26:00	3	9	33.33	1	4	25.00	7	8	87.50	14	14.00	2	 	2	2.00	4	2	 	 	2	 	 	 
2016	12260	612	Saint Mary's (MN)	34	1524119	Ferron, Wylie	http://stats.ncaa.org/player?game_sport_year_ctl_id=12260&stats_player_seq=1524119	Jr	F	6-4	1	1	19:00	2	4	50.00	 	 	""	1	3	33.33	5	5.00	3	3	6	6.00	 	1	 	 	 	 	 	 
2016	12260	612	Saint Mary's (MN)	20	1524116	Romportl, Aaron	http://stats.ncaa.org/player?game_sport_year_ctl_id=12260&stats_player_seq=1524116	Jr	G	5-9	1	0	7:00	 	 	""	 	 	""	 	 	""	 	""	 	2	2	2.00	 	 	 	 	1	 	 	 
2016	12260	612	Saint Mary's (MN)	32	1408607	Swiggum, Will	http://stats.ncaa.org/player?game_sport_year_ctl_id=12260&stats_player_seq=1408607	Sr	F	6-5	1	1	25:00	3	6	50.00	 	1	0.00	2	2	100.00	8	8.00	1	12	13	13.00	2	 	 	 	2	 	 	 
2016	12260	622	Salisbury	32	1743464	Ferguson, Jack	http://stats.ncaa.org/player?game_sport_year_ctl_id=12260&stats_player_seq=1743464	Fr	F	6-4	1	0	18:00	3	8	37.50	3	4	75.00	 	 	""	9	9.00	1	2	3	3.00	 	 	1	 	 	 	 	 
2016	12260	622	Salisbury	20	1743462	Barcikowski, Chad	http://stats.ncaa.org/player?game_sport_year_ctl_id=12260&stats_player_seq=1743462	So	F	6-5	1	0	17:00	2	13	15.38	 	6	0.00	4	6	66.67	8	8.00	2	2	4	4.00	 	2	2	 	1	 	 	 
2016	12260	622	Salisbury	05	1639022	Straughn, Adrien	http://stats.ncaa.org/player?game_sport_year_ctl_id=12260&stats_player_seq=1639022	Sr	G	5-10	1	0	31:00	5	10	50.00	1	3	33.33	4	5	80.00	15	15.00	 	5	5	5.00	2	5	3	 	2	 	 	 
2016	12260	622	Salisbury	01	1628891	Harris, Rocky	http://stats.ncaa.org/player?game_sport_year_ctl_id=12260&stats_player_seq=1628891	Sr	G	5-9	1	1	35:00	5	13	38.46	1	7	14.29	5	6	83.33	16	16.00	3	6	9	9.00	3	2	2	 	1	 	 	 
2016	12260	622	Salisbury	12	1628890	May, Justin	http://stats.ncaa.org/player?game_sport_year_ctl_id=12260&stats_player_seq=1628890	Sr	G	6-0	1	0	4:00	 	 	""	 	 	""	2	2	100.00	2	2.00	 	 	 	""	 	 	 	 	 	 	 	 
2016	12260	622	Salisbury	02	1628887	Brooks, Jordan	http://stats.ncaa.org/player?game_sport_year_ctl_id=12260&stats_player_seq=1628887	So	G	6-2	1	1	15:00	2	5	40.00	1	1	100.00	 	 	""	5	5.00	 	1	1	1.00	1	1	 	1	1	 	 	 
2016	12260	622	Salisbury	22	1522828	Witmer, Justin	http://stats.ncaa.org/player?game_sport_year_ctl_id=12260&stats_player_seq=1522828	Jr	G	6-3	1	1	32:00	 	3	""	 	2	0.00	2	2	100.00	2	2.00	1	3	4	4.00	2	 	1	2	1	 	 	 
2016	12260	622	Salisbury	23	1522825	Jeter, Gordon	http://stats.ncaa.org/player?game_sport_year_ctl_id=12260&stats_player_seq=1522825	Jr	F	6-6	1	1	23:00	1	5	20.00	1	3	33.33	2	4	50.00	5	5.00	4	4	8	8.00	2	3	1	2	5	 	 	1
2016	12260	622	Salisbury	15	1410166	Savercool, Kyle	http://stats.ncaa.org/player?game_sport_year_ctl_id=12260&stats_player_seq=1410166	Sr	F	6-4	1	1	25:00	 	4	""	 	2	0.00	 	2	0.00	 	""	4	2	6	6.00	 	3	1	 	4	 	 	 
2016	12260	8746	Southwestern (TX)	45	1740614	Kannegieter, Stan	http://stats.ncaa.org/player?game_sport_year_ctl_id=12260&stats_player_seq=1740614	Fr	F	6-8	1	0	6:00	 	 	""	 	 	""	 	 	""	 	""	1	 	1	1.00	 	 	 	 	 	 	 	 
2016	12260	8746	Southwestern (TX)	2	1740610	Williams, JT	http://stats.ncaa.org/player?game_sport_year_ctl_id=12260&stats_player_seq=1740610	Fr	G	6-0	1	0	2:00	 	 	""	 	 	""	 	 	""	 	""	 	 	 	""	1	1	 	 	 	 	 	 
2016	12260	8746	Southwestern (TX)	4	1628321	Ogden, Ryan	http://stats.ncaa.org/player?game_sport_year_ctl_id=12260&stats_player_seq=1628321	So	F	6-3	1	1	32:00	5	11	45.45	1	4	25.00	3	5	60.00	14	14.00	2	9	11	11.00	1	1	4	 	2	1	 	 
2016	12260	8746	Southwestern (TX)	15	1628320	Akabogu, Nnamdi	http://stats.ncaa.org/player?game_sport_year_ctl_id=12260&stats_player_seq=1628320	Jr	F	6-3	1	0	10:00	1	3	33.33	 	 	""	 	2	0.00	2	2.00	1	4	5	5.00	 	 	 	 	4	 	 	 
2016	12260	8746	Southwestern (TX)	23	1628319	Sanders, Karrey	http://stats.ncaa.org/player?game_sport_year_ctl_id=12260&stats_player_seq=1628319	So	G	6-1	1	0	21:00	1	5	20.00	 	2	0.00	6	11	54.55	8	8.00	 	2	2	2.00	2	 	2	 	4	 	 	 
2016	12260	8746	Southwestern (TX)	11	1628317	Kim, Connor	http://stats.ncaa.org/player?game_sport_year_ctl_id=12260&stats_player_seq=1628317	So	G	5-9	1	0	18:00	1	7	14.29	1	5	20.00	2	2	100.00	5	5.00	 	 	 	""	3	2	 	 	1	 	 	 
2016	12260	8746	Southwestern (TX)	12	1521538	Whitlock, Zachary	http://stats.ncaa.org/player?game_sport_year_ctl_id=12260&stats_player_seq=1521538	Jr	F	6-5	1	1	33:00	8	15	53.33	 	 	""	7	13	53.85	23	23.00	5	2	7	7.00	3	2	4	1	3	 	 	 
2016	12260	8746	Southwestern (TX)	25	1521537	Stiver, Benjamin	http://stats.ncaa.org/player?game_sport_year_ctl_id=12260&stats_player_seq=1521537	Jr	G	6-2	1	1	24:00	6	7	85.71	1	2	50.00	 	1	0.00	13	13.00	3	2	5	5.00	1	1	1	3	5	 	 	1
2016	12260	8746	Southwestern (TX)	20	1521536	Molina, Chris	http://stats.ncaa.org/player?game_sport_year_ctl_id=12260&stats_player_seq=1521536	Jr	G	6-0	1	1	24:00	1	6	16.67	 	3	0.00	2	2	100.00	4	4.00	1	1	2	2.00	1	1	2	 	2	 	 	 
2016	12260	8746	Southwestern (TX)	10	1412084	Lee, Chris	http://stats.ncaa.org/player?game_sport_year_ctl_id=12260&stats_player_seq=1412084	Sr	G	6-0	1	1	30:00	3	9	33.33	1	4	25.00	6	7	85.71	13	13.00	1	 	1	1.00	3	1	 	 	3	 	 	 
2016	12260	605	St. Joseph's (ME)	3	1746233	Mileikis, Ian	http://stats.ncaa.org/player?game_sport_year_ctl_id=12260&stats_player_seq=1746233	N/A	C	4-0	1	0	6:00	 	1	""	 	1	0.00	 	 	""	 	""	 	2	2	2.00	 	1	 	 	1	 	 	 
2016	12260	605	St. Joseph's (ME)	25	1746232	Malloy, Ben	http://stats.ncaa.org/player?game_sport_year_ctl_id=12260&stats_player_seq=1746232	Fr	G	6-1	1	0	2:00	 	 	""	 	 	""	 	 	""	 	""	 	 	 	""	 	 	 	 	 	 	 	 
2016	12260	605	St. Joseph's (ME)	33	1746230	Corey, Marc	http://stats.ncaa.org/player?game_sport_year_ctl_id=12260&stats_player_seq=1746230	Fr	F	6-5	1	0	11:00	2	5	40.00	2	3	66.67	2	2	100.00	8	8.00	 	1	1	1.00	1	1	 	 	1	 	 	 
2016	12260	605	St. Joseph's (ME)	10	1746228	Berry, Darian	http://stats.ncaa.org/player?game_sport_year_ctl_id=12260&stats_player_seq=1746228	Fr	G	6-1	1	0	6:00	1	3	33.33	1	2	50.00	 	 	""	3	3.00	1	2	3	3.00	1	 	 	 	2	 	 	 
2016	12260	605	St. Joseph's (ME)	05	1634256	Ramirez, Ruben	http://stats.ncaa.org/player?game_sport_year_ctl_id=12260&stats_player_seq=1634256	So	G	5-8	1	0	3:00	 	1	""	 	 	""	 	 	""	 	""	 	 	 	""	 	1	 	 	 	 	 	 
2016	12260	605	St. Joseph's (ME)	32	1634255	Richardson-Newton, Quinn	http://stats.ncaa.org/player?game_sport_year_ctl_id=12260&stats_player_seq=1634255	So	F	6-4	1	1	23:00	3	6	50.00	 	 	""	 	 	""	6	6.00	1	2	3	3.00	2	2	 	 	4	 	 	 
2016	12260	605	St. Joseph's (ME)	24	1525083	Ruffen, Andrew	http://stats.ncaa.org/player?game_sport_year_ctl_id=12260&stats_player_seq=1525083	Jr	G	6-3	1	1	34:00	7	11	63.64	2	4	50.00	3	3	100.00	19	19.00	 	2	2	2.00	4	 	 	 	3	 	 	 
2016	12260	605	St. Joseph's (ME)	12	1525080	Crawley, John	http://stats.ncaa.org/player?game_sport_year_ctl_id=12260&stats_player_seq=1525080	Jr	G	6-2	1	1	38:00	8	17	47.06	4	8	50.00	3	4	75.00	23	23.00	1	5	6	6.00	2	2	1	 	1	 	 	 
2016	12260	605	St. Joseph's (ME)	15	1415527	Downing, Jake	http://stats.ncaa.org/player?game_sport_year_ctl_id=12260&stats_player_seq=1415527	Sr	G	6-0	1	0	9:00	1	5	20.00	1	4	25.00	 	 	""	3	3.00	 	 	 	""	1	1	 	 	1	 	 	 
2016	12260	605	St. Joseph's (ME)	04	1415041	Diggs, Jerome	http://stats.ncaa.org/player?game_sport_year_ctl_id=12260&stats_player_seq=1415041	Sr	G	5-10	1	1	32:00	3	4	75.00	 	 	""	 	1	0.00	6	6.00	 	10	10	10.00	6	5	 	 	1	 	 	 
2016	12260	605	St. Joseph's (ME)	02	1414452	Tucker, Davis	http://stats.ncaa.org/player?game_sport_year_ctl_id=12260&stats_player_seq=1414452	Sr	G	6-1	1	0	12:00	3	4	75.00	 	 	""	1	2	50.00	7	7.00	1	 	1	1.00	1	 	 	 	1	 	 	 
2016	12260	605	St. Joseph's (ME)	21	1414450	Luschenat, Craig	http://stats.ncaa.org/player?game_sport_year_ctl_id=12260&stats_player_seq=1414450	Sr	G	5-10	1	1	24:00	4	5	80.00	3	4	75.00	2	4	50.00	13	13.00	1	5	6	6.00	4	2	1	 	3	 	 	 
2016	12260	679	Stevens	4	1744192	Klimchak, Evan	http://stats.ncaa.org/player?game_sport_year_ctl_id=12260&stats_player_seq=1744192	Jr	C	5-9	1	1	35:00	11	21	52.38	4	9	44.44	1	1	100.00	27	27.00	 	5	5	5.00	6	3	2	 	3	 	 	 
2016	12260	679	Stevens	12	1744191	Florio, Kevin	http://stats.ncaa.org/player?game_sport_year_ctl_id=12260&stats_player_seq=1744191	Fr	G	6-0	1	0	24:00	2	10	20.00	2	8	25.00	 	 	""	6	6.00	1	4	5	5.00	5	4	1	 	2	 	 	 
2016	12260	679	Stevens	35	1744128	Coffey, Ryan	http://stats.ncaa.org/player?game_sport_year_ctl_id=12260&stats_player_seq=1744128	Fr	F	6-5	1	1	26:00	3	6	50.00	 	2	0.00	 	 	""	6	6.00	1	6	7	7.00	 	2	 	1	3	 	 	 
2016	12260	679	Stevens	50	1636602	Cook, Thomas	http://stats.ncaa.org/player?game_sport_year_ctl_id=12260&stats_player_seq=1636602	So	F	6-5	1	0	9:00	1	2	50.00	 	 	""	 	 	""	2	2.00	1	2	3	3.00	 	 	 	 	3	 	 	 
2016	12260	679	Stevens	10	1635060	Cosgrove, Chris	http://stats.ncaa.org/player?game_sport_year_ctl_id=12260&stats_player_seq=1635060	So	G	5-10	1	1	23:00	1	2	50.00	 	2	0.00	 	 	""	2	2.00	 	2	2	2.00	7	3	2	 	2	 	 	 
2016	12260	679	Stevens	20	1524310	Ahern, Thomas	http://stats.ncaa.org/player?game_sport_year_ctl_id=12260&stats_player_seq=1524310	Jr	G	5-11	1	0	14:00	 	7	""	 	6	0.00	 	 	""	 	""	 	1	1	1.00	 	2	 	 	1	 	 	 
2016	12260	679	Stevens	15	1524309	Barron, Patrick	http://stats.ncaa.org/player?game_sport_year_ctl_id=12260&stats_player_seq=1524309	Jr	G	6-0	1	1	31:00	10	14	71.43	4	6	66.67	3	5	60.00	27	27.00	 	3	3	3.00	 	4	 	 	3	 	 	 
2016	12260	679	Stevens	24	1413890	Lorenz, Alex	http://stats.ncaa.org/player?game_sport_year_ctl_id=12260&stats_player_seq=1413890	Sr	F	6-4	1	1	21:00	2	9	22.22	 	 	""	 	 	""	4	4.00	2	9	11	11.00	 	1	 	1	2	 	 	 
2016	12260	679	Stevens	23	1413889	McDonald, Logan	http://stats.ncaa.org/player?game_sport_year_ctl_id=12260&stats_player_seq=1413889	Sr	F	6-4	1	0	5:00	 	1	""	 	 	""	 	 	""	 	""	1	 	1	1.00	 	 	 	 	3	 	 	 
2016	12260	679	Stevens	14	1413888	Zychowski, Kevin	http://stats.ncaa.org/player?game_sport_year_ctl_id=12260&stats_player_seq=1413888	Sr	G	6-1	1	0	12:00	2	6	33.33	2	6	33.33	 	 	""	6	6.00	 	4	4	4.00	2	 	 	 	3	 	 	 
2016	12260	958	Summit	05	1739731	Dougoud, Evan	http://stats.ncaa.org/player?game_sport_year_ctl_id=12260&stats_player_seq=1739731	Fr	G	6-0	1	1	26:00	 	3	""	 	1	0.00	 	 	""	 	""	 	5	5	5.00	1	2	1	 	 	 	 	 
2016	12260	958	Summit	11	1739725	Felder, Dwayne	http://stats.ncaa.org/player?game_sport_year_ctl_id=12260&stats_player_seq=1739725	So	G	6-0	1	0	7:00	 	2	""	 	 	""	4	4	100.00	4	4.00	 	 	 	""	 	 	 	 	 	 	 	 
2016	12260	958	Summit	31	1739720	Harris, Matt	http://stats.ncaa.org/player?game_sport_year_ctl_id=12260&stats_player_seq=1739720	Fr	C	6-5	1	0	9:00	 	 	""	 	 	""	 	 	""	 	""	2	 	2	2.00	1	 	 	 	 	 	 	 
2016	12260	958	Summit	21	1739719	Wiersma, Nate	http://stats.ncaa.org/player?game_sport_year_ctl_id=12260&stats_player_seq=1739719	Sr	F	6-4	1	1	23:00	3	10	30.00	 	 	""	 	 	""	6	6.00	2	2	4	4.00	1	2	 	 	5	 	 	1
2016	12260	958	Summit	15	1739718	Wilson, Bobby	http://stats.ncaa.org/player?game_sport_year_ctl_id=12260&stats_player_seq=1739718	Fr	G	6-3	1	0	20:00	3	5	60.00	 	1	0.00	3	4	75.00	9	9.00	2	3	5	5.00	1	3	1	1	2	 	 	 
2016	12260	958	Summit	22	1520202	Thompson, Zack	http://stats.ncaa.org/player?game_sport_year_ctl_id=12260&stats_player_seq=1520202	Jr	G	6-0	1	0	 	 	 	""	 	 	""	 	 	""	 	""	 	1	1	1.00	 	 	 	 	 	 	 	 
2016	12260	958	Summit	12	1520198	Peters, Nick	http://stats.ncaa.org/player?game_sport_year_ctl_id=12260&stats_player_seq=1520198	Jr	G	6-2	1	0	11:00	 	2	""	 	2	0.00	 	 	""	 	""	 	 	 	""	1	2	1	 	1	 	 	 
2016	12260	958	Summit	23	1411166	Brinkley, Adam	http://stats.ncaa.org/player?game_sport_year_ctl_id=12260&stats_player_seq=1411166	Sr	F	6-3	1	1	31:00	2	5	40.00	 	2	0.00	3	4	75.00	7	7.00	1	4	5	5.00	 	1	 	 	4	 	 	 
2016	12260	958	Summit	01	1411164	Decker, Dan	http://stats.ncaa.org/player?game_sport_year_ctl_id=12260&stats_player_seq=1411164	Sr	G	5-10	1	1	34:00	7	13	53.85	5	9	55.56	3	4	75.00	22	22.00	 	2	2	2.00	 	1	 	 	1	 	 	 
2016	12260	958	Summit	24	1411163	Valentine, Abe	http://stats.ncaa.org/player?game_sport_year_ctl_id=12260&stats_player_seq=1411163	Sr	G	6-1	1	1	39:00	6	15	40.00	1	4	25.00	2	5	40.00	15	15.00	 	6	6	6.00	3	2	1	 	3	 	 	 
2016	12260	1400	Texas Lutheran	50	1745591	Kaiser, Kelby	http://stats.ncaa.org/player?game_sport_year_ctl_id=12260&stats_player_seq=1745591	Fr	F	6-7	1	0	5:00	 	1	""	 	 	""	 	 	""	 	""	 	1	1	1.00	 	 	 	 	 	 	 	 
2016	12260	1400	Texas Lutheran	35	1745590	Willoughby, Jackson	http://stats.ncaa.org/player?game_sport_year_ctl_id=12260&stats_player_seq=1745590	Fr	G	6-3	1	0	3:00	 	 	""	 	 	""	 	 	""	 	""	 	 	 	""	 	 	 	 	 	 	 	 
2016	12260	1400	Texas Lutheran	32	1745577	Hamilton, Shawn	http://stats.ncaa.org/player?game_sport_year_ctl_id=12260&stats_player_seq=1745577	Fr	F	6-7	1	0	5:00	 	3	""	 	2	0.00	 	 	""	 	""	 	2	2	2.00	 	1	 	 	3	 	 	 
2016	12260	1400	Texas Lutheran	24	1745576	Cage, Alex	http://stats.ncaa.org/player?game_sport_year_ctl_id=12260&stats_player_seq=1745576	Fr	G	6-2	1	0	11:00	1	2	50.00	 	 	""	 	 	""	2	2.00	 	 	 	""	1	 	 	 	4	 	 	 
2016	12260	1400	Texas Lutheran	22	1745575	Williams, Aris Quadash	http://stats.ncaa.org/player?game_sport_year_ctl_id=12260&stats_player_seq=1745575	Jr	F	6-7	1	1	16:00	 	3	""	 	1	0.00	 	 	""	 	""	1	2	3	3.00	1	 	 	 	 	 	 	 
2016	12260	1400	Texas Lutheran	21	1745574	Kouremetis, Jacob	http://stats.ncaa.org/player?game_sport_year_ctl_id=12260&stats_player_seq=1745574	Fr	G	6-1	1	0	4:00	 	1	""	 	1	0.00	 	 	""	 	""	 	 	 	""	 	 	1	 	 	 	 	 
2016	12260	1400	Texas Lutheran	13	1745573	Walker, Ray	http://stats.ncaa.org/player?game_sport_year_ctl_id=12260&stats_player_seq=1745573	Fr	G	6-3	1	0	3:00	1	2	50.00	1	2	50.00	 	 	""	3	3.00	 	 	 	""	1	 	 	 	 	 	 	 
2016	12260	1400	Texas Lutheran	11	1745572	Sullivan, Michael	http://stats.ncaa.org/player?game_sport_year_ctl_id=12260&stats_player_seq=1745572	Fr	G	6-0	1	0	6:00	2	2	100.00	 	 	""	2	2	100.00	6	6.00	 	 	 	""	 	1	 	 	3	 	 	 
2016	12260	1400	Texas Lutheran	4	1745571	Marquez, Paris	http://stats.ncaa.org/player?game_sport_year_ctl_id=12260&stats_player_seq=1745571	Fr	G	6-0	1	1	17:00	 	4	""	 	 	""	 	 	""	 	""	2	2	4	4.00	3	4	1	 	2	 	 	 
2016	12260	1400	Texas Lutheran	2	1745570	Jimenez, Patrick	http://stats.ncaa.org/player?game_sport_year_ctl_id=12260&stats_player_seq=1745570	Fr	G	6-1	1	0	6:00	 	1	""	 	 	""	 	 	""	 	""	 	 	 	""	 	1	 	 	 	 	 	 
2016	12260	1400	Texas Lutheran	55	1663605	Gauna, Matt	http://stats.ncaa.org/player?game_sport_year_ctl_id=12260&stats_player_seq=1663605	Jr	F	6-3	1	0	3:00	 	1	""	 	 	""	1	2	50.00	1	1.00	 	 	 	""	 	 	 	 	1	 	 	 
2016	12260	1400	Texas Lutheran	10	1633788	Ray, Blake	http://stats.ncaa.org/player?game_sport_year_ctl_id=12260&stats_player_seq=1633788	So	G	6-3	1	0	15:00	1	3	33.33	 	 	""	 	 	""	2	2.00	1	4	5	5.00	 	1	 	 	5	 	 	1
2016	12260	1400	Texas Lutheran	42	1633786	Gillette, Matthew	http://stats.ncaa.org/player?game_sport_year_ctl_id=12260&stats_player_seq=1633786	So	F	6-5	1	0	12:00	 	 	""	 	 	""	 	 	""	 	""	 	2	2	2.00	1	3	 	 	3	 	 	 
2016	12260	1400	Texas Lutheran	41	1633785	Jowell, Harris	http://stats.ncaa.org/player?game_sport_year_ctl_id=12260&stats_player_seq=1633785	So	F	6-5	1	1	20:00	3	5	60.00	 	 	""	 	 	""	6	6.00	2	4	6	6.00	1	3	 	 	3	 	 	 
2016	12260	1400	Texas Lutheran	30	1633782	Sobers, Elijah	http://stats.ncaa.org/player?game_sport_year_ctl_id=12260&stats_player_seq=1633782	So	G	6-2	1	0	2:00	 	1	""	 	1	0.00	 	 	""	 	""	 	1	1	1.00	 	2	 	 	1	 	 	 
2016	12260	1400	Texas Lutheran	23	1633780	Behr, Zach	http://stats.ncaa.org/player?game_sport_year_ctl_id=12260&stats_player_seq=1633780	Jr	F	6-5	1	1	23:00	5	10	50.00	2	4	50.00	2	6	33.33	14	14.00	 	4	4	4.00	 	2	 	 	2	 	 	 
2016	12260	1400	Texas Lutheran	1	1633775	Holmes, Sterling	http://stats.ncaa.org/player?game_sport_year_ctl_id=12260&stats_player_seq=1633775	Jr	G	6-0	1	1	21:00	4	9	44.44	 	3	0.00	4	7	57.14	12	12.00	2	5	7	7.00	1	2	1	 	5	 	 	1
2016	12260	1400	Texas Lutheran	3	1516028	Kouremetis, Jordan	http://stats.ncaa.org/player?game_sport_year_ctl_id=12260&stats_player_seq=1516028	Jr	G	6-1	1	0	20:00	6	9	66.67	4	5	80.00	1	3	33.33	17	17.00	 	3	3	3.00	1	3	2	1	3	 	 	 
2016	12260	1400	Texas Lutheran	5	1406317	Holmes, Kendall	http://stats.ncaa.org/player?game_sport_year_ctl_id=12260&stats_player_seq=1406317	Sr	G	5-10	1	0	8:00	1	3	33.33	 	 	""	 	 	""	2	2.00	 	 	 	""	2	 	 	 	 	 	 	 
2016	12260	707	Thiel	12	1744445	Jackson, Leandra	http://stats.ncaa.org/player?game_sport_year_ctl_id=12260&stats_player_seq=1744445	So	G	6-5	1	0	4:00	 	 	""	 	 	""	 	 	""	 	""	 	4	4	4.00	 	2	 	 	1	 	 	 
2016	12260	707	Thiel	24	1744444	Lafontant, Demetris	http://stats.ncaa.org/player?game_sport_year_ctl_id=12260&stats_player_seq=1744444	Sr	F	6-8	1	0	5:00	 	 	""	 	 	""	 	 	""	 	""	 	 	 	""	 	 	 	 	2	 	 	 
2016	12260	707	Thiel	25	1744443	Rowe, Brian	http://stats.ncaa.org/player?game_sport_year_ctl_id=12260&stats_player_seq=1744443	Fr	F	6-5	1	0	16:00	 	2	""	 	 	""	 	 	""	 	""	 	3	3	3.00	 	 	1	2	4	 	 	 
2016	12260	707	Thiel	05	1632270	Cetoute, Clandell	http://stats.ncaa.org/player?game_sport_year_ctl_id=12260&stats_player_seq=1632270	So	F	6-8	1	1	23:00	4	8	50.00	 	1	0.00	2	4	50.00	10	10.00	3	2	5	5.00	 	2	1	2	1	 	 	 
2016	12260	707	Thiel	22	1632269	McDougald, Korey	http://stats.ncaa.org/player?game_sport_year_ctl_id=12260&stats_player_seq=1632269	So	G	5-9	1	0	9:00	1	2	50.00	 	1	0.00	 	 	""	2	2.00	 	1	1	1.00	1	 	1	 	 	 	 	 
2016	12260	707	Thiel	23	1632268	Campbell, Avril	http://stats.ncaa.org/player?game_sport_year_ctl_id=12260&stats_player_seq=1632268	So	F	6-4	1	1	15:00	1	4	25.00	 	 	""	 	2	0.00	2	2.00	2	1	3	3.00	 	1	1	 	3	 	 	 
2016	12260	707	Thiel	14	1632267	Ozkaynak, Mert	http://stats.ncaa.org/player?game_sport_year_ctl_id=12260&stats_player_seq=1632267	So	G	6-0	1	0	10:00	2	5	40.00	 	1	0.00	 	 	""	4	4.00	2	 	2	2.00	1	1	 	 	1	 	 	 
2016	12260	707	Thiel	02	1632266	Burton, Tyreik	http://stats.ncaa.org/player?game_sport_year_ctl_id=12260&stats_player_seq=1632266	So	G	5-8	1	0	27:00	7	13	53.85	3	6	50.00	1	1	100.00	18	18.00	1	3	4	4.00	1	2	1	 	1	 	 	 
2016	12260	707	Thiel	10	1521954	Lumbus, Josh	http://stats.ncaa.org/player?game_sport_year_ctl_id=12260&stats_player_seq=1521954	Jr	F	6-3	1	1	29:00	2	7	28.57	 	 	""	 	3	0.00	4	4.00	1	5	6	6.00	3	1	2	 	3	 	 	 
2016	12260	707	Thiel	21	1414202	Kochka, Luke	http://stats.ncaa.org/player?game_sport_year_ctl_id=12260&stats_player_seq=1414202	Sr	F	6-5	1	1	31:00	5	9	55.56	1	3	33.33	4	5	80.00	15	15.00	1	4	5	5.00	5	1	4	1	2	 	 	 
2016	12260	707	Thiel	03	1414200	Bess, Khari	http://stats.ncaa.org/player?game_sport_year_ctl_id=12260&stats_player_seq=1414200	Sr	G	6-1	1	1	31:00	5	15	33.33	2	4	50.00	3	3	100.00	15	15.00	1	5	6	6.00	3	3	3	 	4	 	 	 
2016	12260	730	Ursinus	30	1744318	Williams, Eric	http://stats.ncaa.org/player?game_sport_year_ctl_id=12260&stats_player_seq=1744318	Fr	G	6-3	1	0	27:00	3	11	27.27	3	10	30.00	 	 	""	9	9.00	 	1	1	1.00	 	 	1	 	 	 	 	 
2016	12260	730	Ursinus	13	1744315	Margolis, Matt	http://stats.ncaa.org/player?game_sport_year_ctl_id=12260&stats_player_seq=1744315	Fr	G	5-10	1	0	9:00	 	1	""	 	1	0.00	 	 	""	 	""	 	3	3	3.00	 	1	 	 	 	 	 	 
2016	12260	730	Ursinus	34	1632390	LoStracco, Joseph	http://stats.ncaa.org/player?game_sport_year_ctl_id=12260&stats_player_seq=1632390	So	F	6-7	1	1	31:00	5	9	55.56	 	 	""	 	 	""	10	10.00	 	12	12	12.00	5	3	 	6	2	1	 	 
2016	12260	730	Ursinus	24	1632388	Rafferty, Brian	http://stats.ncaa.org/player?game_sport_year_ctl_id=12260&stats_player_seq=1632388	So	G	6-4	1	1	31:00	2	7	28.57	1	3	33.33	6	10	60.00	11	11.00	 	4	4	4.00	7	 	 	 	 	 	 	 
2016	12260	730	Ursinus	22	1524037	Mekongo, Patrick	http://stats.ncaa.org/player?game_sport_year_ctl_id=12260&stats_player_seq=1524037	Jr	F	6-6	1	0	27:00	7	9	77.78	 	 	""	4	5	80.00	18	18.00	3	2	5	5.00	1	1	1	 	3	 	 	 
2016	12260	730	Ursinus	1	1524034	Knowles, Matt	http://stats.ncaa.org/player?game_sport_year_ctl_id=12260&stats_player_seq=1524034	Jr	G	6-2	1	1	26:00	5	8	62.50	 	3	0.00	5	5	100.00	15	15.00	 	1	1	1.00	4	 	 	 	3	 	 	 
2016	12260	730	Ursinus	32	1411293	Draper, Malik	http://stats.ncaa.org/player?game_sport_year_ctl_id=12260&stats_player_seq=1411293	Sr	G	6-3	1	1	26:00	7	21	33.33	 	4	0.00	4	8	50.00	18	18.00	4	4	8	8.00	3	4	4	 	3	 	 	 
2016	12260	730	Ursinus	12	1411292	Wonderling, Mark	http://stats.ncaa.org/player?game_sport_year_ctl_id=12260&stats_player_seq=1411292	Sr	G	6-3	1	1	23:00	1	2	50.00	 	 	""	 	2	0.00	2	2.00	1	4	5	5.00	1	 	1	 	2	 	 	 
2016	12260	737	Vassar	34	1736586	Grinde, Paul	http://stats.ncaa.org/player?game_sport_year_ctl_id=12260&stats_player_seq=1736586	Fr	C	6-10	1	1	25:00	5	10	50.00	 	 	""	4	6	66.67	14	14.00	6	7	13	13.00	 	2	 	3	3	1	 	 
2016	12260	737	Vassar	25	1736584	Gallivan, Chris	http://stats.ncaa.org/player?game_sport_year_ctl_id=12260&stats_player_seq=1736584	Fr	F	6-6	1	0	15:00	2	3	66.67	 	 	""	 	 	""	4	4.00	1	1	2	2.00	 	 	 	 	2	 	 	 
2016	12260	737	Vassar	10	1736582	Seff, Alex	http://stats.ncaa.org/player?game_sport_year_ctl_id=12260&stats_player_seq=1736582	Fr	G	6-0	1	0	16:00	2	4	50.00	 	1	0.00	1	2	50.00	5	5.00	 	 	 	""	1	3	 	 	2	 	 	 
2016	12260	737	Vassar	23	1622526	Winston, Elijah	http://stats.ncaa.org/player?game_sport_year_ctl_id=12260&stats_player_seq=1622526	Jr	F	6-3	1	0	8:00	 	 	""	 	 	""	 	 	""	 	""	 	 	 	""	 	2	1	 	1	 	 	 
2016	12260	737	Vassar	13	1622525	Caletti, Tony	http://stats.ncaa.org/player?game_sport_year_ctl_id=12260&stats_player_seq=1622525	So	G	6-2	1	1	35:00	2	6	33.33	2	6	33.33	 	 	""	6	6.00	1	6	7	7.00	3	3	 	1	2	 	 	 
2016	12260	737	Vassar	33	1622524	Einhorn, Spencer	http://stats.ncaa.org/player?game_sport_year_ctl_id=12260&stats_player_seq=1622524	So	F	6-5	1	1	28:00	4	9	44.44	3	6	50.00	 	 	""	11	11.00	1	2	3	3.00	1	 	1	1	1	 	 	 
2016	12260	737	Vassar	2	1622520	Browne, Jesse	http://stats.ncaa.org/player?game_sport_year_ctl_id=12260&stats_player_seq=1622520	So	G	6-2	1	1	36:00	8	13	61.54	1	4	25.00	2	2	100.00	19	19.00	2	3	5	5.00	5	4	1	 	2	 	 	 
2016	12260	737	Vassar	5	1406394	Wasyl, Erikson	http://stats.ncaa.org/player?game_sport_year_ctl_id=12260&stats_player_seq=1406394	Sr	G	6-0	1	1	37:00	2	11	18.18	1	9	11.11	4	6	66.67	9	9.00	1	3	4	4.00	3	1	2	 	3	 	 	 
2016	12260	808	WPI	12	1688536	Allen, Jahshanti	http://stats.ncaa.org/player?game_sport_year_ctl_id=12260&stats_player_seq=1688536	Fr	G	5-8	1	0	9:00	1	2	50.00	1	1	100.00	2	2	100.00	5	5.00	 	1	1	1.00	 	 	 	 	1	 	 	 
2016	12260	808	WPI	15	1688535	Loring, James	http://stats.ncaa.org/player?game_sport_year_ctl_id=12260&stats_player_seq=1688535	Fr	F	6-8	1	0	20:00	3	3	100.00	 	 	""	 	 	""	6	6.00	1	3	4	4.00	 	1	 	1	 	 	 	 
2016	12260	808	WPI	24	1662566	Zielinski, Dave	http://stats.ncaa.org/player?game_sport_year_ctl_id=12260&stats_player_seq=1662566	So	G	6-0	1	0	2:00	 	1	""	 	1	0.00	 	 	""	 	""	 	 	 	""	 	 	 	 	1	 	 	 
2016	12260	808	WPI	22	1628132	Niba, Clyde	http://stats.ncaa.org/player?game_sport_year_ctl_id=12260&stats_player_seq=1628132	Sr	F	6-5	1	1	29:00	4	13	30.77	1	3	33.33	 	 	""	9	9.00	2	6	8	8.00	3	3	 	1	4	 	 	 
2016	12260	808	WPI	44	1628129	Rodgers, Chris	http://stats.ncaa.org/player?game_sport_year_ctl_id=12260&stats_player_seq=1628129	So	G	6-2	1	0	25:00	3	8	37.50	1	1	100.00	2	2	100.00	9	9.00	1	4	5	5.00	 	2	 	 	4	 	 	 
2016	12260	808	WPI	23	1628128	Obiora, Obi	http://stats.ncaa.org/player?game_sport_year_ctl_id=12260&stats_player_seq=1628128	So	F	6-7	1	1	20:00	1	7	14.29	 	 	""	1	2	50.00	3	3.00	 	3	3	3.00	 	2	 	 	3	 	 	 
2016	12260	808	WPI	32	1628125	Todd, Aaron	http://stats.ncaa.org/player?game_sport_year_ctl_id=12260&stats_player_seq=1628125	So	F	6-6	1	1	25:00	5	11	45.45	 	 	""	 	2	0.00	10	10.00	5	5	10	10.00	1	 	 	 	3	1	 	 
2016	12260	808	WPI	10	1517725	Doncaster, Sean	http://stats.ncaa.org/player?game_sport_year_ctl_id=12260&stats_player_seq=1517725	Jr	G	6-3	1	1	35:00	4	8	50.00	3	3	100.00	4	6	66.67	15	15.00	1	2	3	3.00	4	1	 	 	3	 	 	 
2016	12260	808	WPI	13	1517724	Converse, Ian	http://stats.ncaa.org/player?game_sport_year_ctl_id=12260&stats_player_seq=1517724	Jr	F	6-5	1	0	12:00	1	1	100.00	 	 	""	 	 	""	2	2.00	1	2	3	3.00	 	1	 	 	2	 	 	 
2016	12260	808	WPI	03	1403545	Davis, Aaron	http://stats.ncaa.org/player?game_sport_year_ctl_id=12260&stats_player_seq=1403545	Sr	G	5-8	1	1	23:00	 	2	""	 	 	""	1	2	50.00	1	1.00	1	4	5	5.00	3	 	1	 	2	 	 	 
2016	12260	1454	Whitworth	35	1740104	Bishop, Ben	http://stats.ncaa.org/player?game_sport_year_ctl_id=12260&stats_player_seq=1740104	Fr	C	6-8	1	0	5:00	 	1	""	 	 	""	1	2	50.00	1	1.00	 	 	 	""	1	1	 	 	2	 	 	 
2016	12260	1454	Whitworth	1	1740099	Roach, Kyle	http://stats.ncaa.org/player?game_sport_year_ctl_id=12260&stats_player_seq=1740099	Fr	G	6-4	1	0	13:00	 	4	""	 	1	0.00	 	 	""	 	""	1	2	3	3.00	 	1	 	 	1	 	 	 
2016	12260	1454	Whitworth	24	1627862	Nottinson-Nyaaku, Ekow	http://stats.ncaa.org/player?game_sport_year_ctl_id=12260&stats_player_seq=1627862	So	F	6-5	1	0	11:00	2	6	33.33	 	 	""	 	 	""	4	4.00	1	1	2	2.00	 	 	 	1	 	 	 	 
2016	12260	1454	Whitworth	22	1627859	Isaak, Derek	http://stats.ncaa.org/player?game_sport_year_ctl_id=12260&stats_player_seq=1627859	Jr	G	6-0	1	0	11:00	1	1	100.00	1	1	100.00	 	 	""	3	3.00	1	 	1	1.00	 	 	1	 	 	 	 	 
2016	12260	1454	Whitworth	12	1627857	Baker, Forrest	http://stats.ncaa.org/player?game_sport_year_ctl_id=12260&stats_player_seq=1627857	Jr	F	6-7	1	0	10:00	 	2	""	 	1	0.00	 	4	0.00	 	""	 	1	1	1.00	1	 	1	 	 	 	 	 
2016	12260	1454	Whitworth	3	1627856	Staudacher, Matt	http://stats.ncaa.org/player?game_sport_year_ctl_id=12260&stats_player_seq=1627856	Sr	G	6-0	1	1	31:00	1	1	100.00	 	 	""	3	3	100.00	5	5.00	1	 	1	1.00	3	 	1	 	3	 	 	 
2016	12260	1454	Whitworth	40	1511724	Sears, Drew	http://stats.ncaa.org/player?game_sport_year_ctl_id=12260&stats_player_seq=1511724	Jr	C	6-10	1	1	22:00	2	6	33.33	 	 	""	 	 	""	4	4.00	2	5	7	7.00	 	 	1	3	3	 	 	 
2016	12260	1454	Whitworth	5	1511721	Love, Kenny	http://stats.ncaa.org/player?game_sport_year_ctl_id=12260&stats_player_seq=1511721	Jr	G	6-1	1	1	38:00	7	14	50.00	3	6	50.00	7	7	100.00	24	24.00	 	4	4	4.00	1	1	5	 	1	 	 	 
2016	12260	1454	Whitworth	15	1511719	Jurlina, Christian	http://stats.ncaa.org/player?game_sport_year_ctl_id=12260&stats_player_seq=1511719	Jr	F	6-5	1	1	34:00	4	9	44.44	1	4	25.00	8	9	88.89	17	17.00	 	3	3	3.00	3	3	2	 	 	 	 	 
2016	12260	1454	Whitworth	32	1403400	Valle, George	http://stats.ncaa.org/player?game_sport_year_ctl_id=12260&stats_player_seq=1403400	Sr	F	6-4	1	1	25:00	12	18	66.67	 	1	0.00	5	7	71.43	29	29.00	6	4	10	10.00	3	1	 	1	4	1	 	 
