year	division_id	ranking_id	conference_key
2017	1	17946	AAC
2017	1	17946	ASUN
2017	1	17946	America East
2017	1	17946	Atlantic 10
2017	1	17946	Atlantic Coast
2017	1	17946	Big 12
2017	1	17946	Big East
2017	1	17946	Big Sky
2017	1	17946	Big South
2017	1	17946	Big Ten
2017	1	17946	Big West
2017	1	17946	Colonial
2017	1	17946	Conference USA
2017	1	17946	Horizon
2017	1	17946	Ivy League
2017	1	17946	Metro Atlantic
2017	1	17946	Mid-American
2017	1	17946	Mid-Eastern
2017	1	17946	Missouri Valley
2017	1	17946	Mountain West
2017	1	17946	Northeast
2017	1	17946	OVC
2017	1	17946	Pac-12
2017	1	17946	Patriot
2017	1	17946	Southeastern
2017	1	17946	Southern
2017	1	17946	Southland
2017	1	17946	Southwestern
2017	1	17946	Summit League
2017	1	17946	Sun Belt
2017	1	17946	West Coast
2017	1	17946	Western Athletic
2016	1	15547	AAC
2016	1	15547	ASUN
2016	1	15547	America East
2016	1	15547	Atlantic 10
2016	1	15547	Atlantic Coast
2016	1	15547	Big 12
2016	1	15547	Big East
2016	1	15547	Big Sky
2016	1	15547	Big South
2016	1	15547	Big Ten
2016	1	15547	Big West
2016	1	15547	Colonial
2016	1	15547	Conference USA
2016	1	15547	Horizon
2016	1	15547	Ivy League
2016	1	15547	Metro Atlantic
2016	1	15547	Mid-American
2016	1	15547	Mid-Eastern
2016	1	15547	Missouri Valley
2016	1	15547	Mountain West
2016	1	15547	Northeast
2016	1	15547	OVC
2016	1	15547	Pac-12
2016	1	15547	Patriot
2016	1	15547	Southeastern
2016	1	15547	Southern
2016	1	15547	Southland
2016	1	15547	Southwestern
2016	1	15547	Summit League
2016	1	15547	Sun Belt
2016	1	15547	West Coast
2016	1	15547	Western Athletic
2015	1	13834	AAC
2015	1	13834	ASUN
2015	1	13834	America East
2015	1	13834	Atlantic 10
2015	1	13834	Atlantic Coast
2015	1	13834	Big 12
2015	1	13834	Big East
2015	1	13834	Big Sky
2015	1	13834	Big South
2015	1	13834	Big Ten
2015	1	13834	Big West
2015	1	13834	Colonial
2015	1	13834	Conference USA
2015	1	13834	Horizon
2015	1	13834	Independent
2015	1	13834	Ivy League
2015	1	13834	Metro Atlantic
2015	1	13834	Mid-American
2015	1	13834	Mid-Eastern
2015	1	13834	Missouri Valley
2015	1	13834	Mountain West
2015	1	13834	Northeast
2015	1	13834	OVC
2015	1	13834	Pac-12
2015	1	13834	Patriot
2015	1	13834	Southeastern
2015	1	13834	Southern
2015	1	13834	Southland
2015	1	13834	Southwestern
2015	1	13834	Summit League
2015	1	13834	Sun Belt
2015	1	13834	West Coast
2015	1	13834	Western Athletic
2014	1	15553	AAC
2014	1	15553	ASUN
2014	1	15553	America East
2014	1	15553	Atlantic 10
2014	1	15553	Atlantic Coast
2014	1	15553	Big 12
2014	1	15553	Big East
2014	1	15553	Big Sky
2014	1	15553	Big South
2014	1	15553	Big Ten
2014	1	15553	Big West
2014	1	15553	Colonial
2014	1	15553	Conference USA
2014	1	15553	Horizon
2014	1	15553	Independent
2014	1	15553	Ivy League
2014	1	15553	Metro Atlantic
2014	1	15553	Mid-American
2014	1	15553	Mid-Eastern
2014	1	15553	Missouri Valley
2014	1	15553	Mountain West
2014	1	15553	Northeast
2014	1	15553	OVC
2014	1	15553	Pac-12
2014	1	15553	Patriot
2014	1	15553	Southeastern
2014	1	15553	Southern
2014	1	15553	Southland
2014	1	15553	Southwestern
2014	1	15553	Summit League
2014	1	15553	Sun Belt
2014	1	15553	West Coast
2014	1	15553	Western Athletic
2013	1	15552	AAC
2013	1	15552	ASUN
2013	1	15552	America East
2013	1	15552	Atlantic 10
2013	1	15552	Atlantic Coast
2013	1	15552	Big 12
2013	1	15552	Big Sky
2013	1	15552	Big South
2013	1	15552	Big Ten
2013	1	15552	Big West
2013	1	15552	Colonial
2013	1	15552	Conference USA
2013	1	15552	GWC
2013	1	15552	Horizon
2013	1	15552	Independent
2013	1	15552	Ivy League
2013	1	15552	Metro Atlantic
2013	1	15552	Mid-American
2013	1	15552	Mid-Eastern
2013	1	15552	Missouri Valley
2013	1	15552	Mountain West
2013	1	15552	Northeast
2013	1	15552	OVC
2013	1	15552	Pac-12
2013	1	15552	Patriot
2013	1	15552	Southeastern
2013	1	15552	Southern
2013	1	15552	Southland
2013	1	15552	Southwestern
2013	1	15552	Summit League
2013	1	15552	Sun Belt
2013	1	15552	West Coast
2013	1	15552	Western Athletic
2012	1	8653	AAC
2012	1	8653	ASUN
2012	1	8653	America East
2012	1	8653	Atlantic 10
2012	1	8653	Atlantic Coast
2012	1	8653	Big 12
2012	1	8653	Big Sky
2012	1	8653	Big South
2012	1	8653	Big Ten
2012	1	8653	Big West
2012	1	8653	Colonial
2012	1	8653	Conference USA
2012	1	8653	GWC
2012	1	8653	Horizon
2012	1	8653	Independent
2012	1	8653	Ivy League
2012	1	8653	Metro Atlantic
2012	1	8653	Mid-American
2012	1	8653	Mid-Eastern
2012	1	8653	Missouri Valley
2012	1	8653	Mountain West
2012	1	8653	Northeast
2012	1	8653	OVC
2012	1	8653	Pac-12
2012	1	8653	Patriot
2012	1	8653	Southeastern
2012	1	8653	Southern
2012	1	8653	Southland
2012	1	8653	Southwestern
2012	1	8653	Summit League
2012	1	8653	Sun Belt
2012	1	8653	West Coast
2012	1	8653	Western Athletic
2011	1	7812	AAC
2011	1	7812	ASUN
2011	1	7812	America East
2011	1	7812	Atlantic 10
2011	1	7812	Atlantic Coast
2011	1	7812	Big 12
2011	1	7812	Big Sky
2011	1	7812	Big South
2011	1	7812	Big Ten
2011	1	7812	Big West
2011	1	7812	Colonial
2011	1	7812	Conference USA
2011	1	7812	Horizon
2011	1	7812	Independent
2011	1	7812	Ivy League
2011	1	7812	Metro Atlantic
2011	1	7812	Mid-American
2011	1	7812	Mid-Eastern
2011	1	7812	Missouri Valley
2011	1	7812	Mountain West
2011	1	7812	Northeast
2011	1	7812	OVC
2011	1	7812	Pac-12
2011	1	7812	Patriot
2011	1	7812	Southeastern
2011	1	7812	Southern
2011	1	7812	Southland
2011	1	7812	Southwestern
2011	1	7812	Summit League
2011	1	7812	Sun Belt
2011	1	7812	West Coast
2011	1	7812	Western Athletic
2010	1	7207	AAC
2010	1	7207	ASUN
2010	1	7207	America East
2010	1	7207	Atlantic 10
2010	1	7207	Atlantic Coast
2010	1	7207	Big 12
2010	1	7207	Big Sky
2010	1	7207	Big South
2010	1	7207	Big Ten
2010	1	7207	Big West
2010	1	7207	Colonial
2010	1	7207	Conference USA
2010	1	7207	Horizon
2010	1	7207	Independent
2010	1	7207	Ivy League
2010	1	7207	Metro Atlantic
2010	1	7207	Mid-American
2010	1	7207	Mid-Eastern
2010	1	7207	Missouri Valley
2010	1	7207	Mountain West
2010	1	7207	Northeast
2010	1	7207	OVC
2010	1	7207	Pac-12
2010	1	7207	Patriot
2010	1	7207	Southeastern
2010	1	7207	Southern
2010	1	7207	Southland
2010	1	7207	Southwestern
2010	1	7207	Summit League
2010	1	7207	Sun Belt
2010	1	7207	West Coast
2010	1	7207	Western Athletic
2009	1	6258	AAC
2009	1	6258	ASUN
2009	1	6258	America East
2009	1	6258	Atlantic 10
2009	1	6258	Atlantic Coast
2009	1	6258	Big 12
2009	1	6258	Big Sky
2009	1	6258	Big South
2009	1	6258	Big Ten
2009	1	6258	Big West
2009	1	6258	Colonial
2009	1	6258	Conference USA
2009	1	6258	Horizon
2009	1	6258	Ivy League
2009	1	6258	Metro Atlantic
2009	1	6258	Mid-American
2009	1	6258	Mid-Eastern
2009	1	6258	Missouri Valley
2009	1	6258	Mountain West
2009	1	6258	Northeast
2009	1	6258	OVC
2009	1	6258	Pac-12
2009	1	6258	Patriot
2009	1	6258	Southeastern
2009	1	6258	Southern
2009	1	6258	Southland
2009	1	6258	Southwestern
2009	1	6258	Summit League
2009	1	6258	Sun Belt
2009	1	6258	West Coast
2009	1	6258	Western Athletic
2008	1	5743	AAC
2008	1	5743	ASUN
2008	1	5743	America East
2008	1	5743	Atlantic 10
2008	1	5743	Atlantic Coast
2008	1	5743	Big 12
2008	1	5743	Big Sky
2008	1	5743	Big South
2008	1	5743	Big Ten
2008	1	5743	Big West
2008	1	5743	Colonial
2008	1	5743	Conference USA
2008	1	5743	Horizon
2008	1	5743	Ivy League
2008	1	5743	Metro Atlantic
2008	1	5743	Mid-American
2008	1	5743	Mid-Eastern
2008	1	5743	Missouri Valley
2008	1	5743	Mountain West
2008	1	5743	Northeast
2008	1	5743	OVC
2008	1	5743	Pac-12
2008	1	5743	Patriot
2008	1	5743	Southeastern
2008	1	5743	Southern
2008	1	5743	Southland
2008	1	5743	Southwestern
2008	1	5743	Summit League
2008	1	5743	Sun Belt
2008	1	5743	West Coast
2008	1	5743	Western Athletic
2007	1	3547	AAC
2007	1	3547	ASUN
2007	1	3547	America East
2007	1	3547	Atlantic 10
2007	1	3547	Atlantic Coast
2007	1	3547	Big 12
2007	1	3547	Big Sky
2007	1	3547	Big South
2007	1	3547	Big Ten
2007	1	3547	Big West
2007	1	3547	Colonial
2007	1	3547	Conference USA
2007	1	3547	Horizon
2007	1	3547	Ivy League
2007	1	3547	Metro Atlantic
2007	1	3547	Mid-American
2007	1	3547	Mid-Eastern
2007	1	3547	Missouri Valley
2007	1	3547	Mountain West
2007	1	3547	Northeast
2007	1	3547	OVC
2007	1	3547	Pac-12
2007	1	3547	Patriot
2007	1	3547	Southeastern
2007	1	3547	Southern
2007	1	3547	Southland
2007	1	3547	Southwestern
2007	1	3547	Summit League
2007	1	3547	Sun Belt
2007	1	3547	West Coast
2007	1	3547	Western Athletic
2006	1	3564	AAC
2006	1	3564	ASUN
2006	1	3564	America East
2006	1	3564	Atlantic 10
2006	1	3564	Atlantic Coast
2006	1	3564	Big 12
2006	1	3564	Big Sky
2006	1	3564	Big South
2006	1	3564	Big Ten
2006	1	3564	Big West
2006	1	3564	Colonial
2006	1	3564	Conference USA
2006	1	3564	Horizon
2006	1	3564	Ivy League
2006	1	3564	Metro Atlantic
2006	1	3564	Mid-American
2006	1	3564	Mid-Eastern
2006	1	3564	Missouri Valley
2006	1	3564	Mountain West
2006	1	3564	Northeast
2006	1	3564	OVC
2006	1	3564	Pac-12
2006	1	3564	Patriot
2006	1	3564	Southeastern
2006	1	3564	Southern
2006	1	3564	Southland
2006	1	3564	Southwestern
2006	1	3564	Summit League
2006	1	3564	Sun Belt
2006	1	3564	West Coast
2006	1	3564	Western Athletic
2005	1	3580	AAC
2005	1	3580	ASUN
2005	1	3580	America East
2005	1	3580	Atlantic 10
2005	1	3580	Atlantic Coast
2005	1	3580	Big 12
2005	1	3580	Big Sky
2005	1	3580	Big South
2005	1	3580	Big Ten
2005	1	3580	Big West
2005	1	3580	Colonial
2005	1	3580	Conference USA
2005	1	3580	Horizon
2005	1	3580	Independent
2005	1	3580	Ivy League
2005	1	3580	Metro Atlantic
2005	1	3580	Mid-American
2005	1	3580	Mid-Eastern
2005	1	3580	Missouri Valley
2005	1	3580	Mountain West
2005	1	3580	Northeast
2005	1	3580	OVC
2005	1	3580	Pac-12
2005	1	3580	Patriot
2005	1	3580	Southeastern
2005	1	3580	Southern
2005	1	3580	Southland
2005	1	3580	Southwestern
2005	1	3580	Summit League
2005	1	3580	Sun Belt
2005	1	3580	West Coast
2005	1	3580	Western Athletic
2004	1	3597	AAC
2004	1	3597	ASUN
2004	1	3597	America East
2004	1	3597	Atlantic 10
2004	1	3597	Atlantic Coast
2004	1	3597	Big 12
2004	1	3597	Big Sky
2004	1	3597	Big South
2004	1	3597	Big Ten
2004	1	3597	Big West
2004	1	3597	Colonial
2004	1	3597	Conference USA
2004	1	3597	Horizon
2004	1	3597	Independent
2004	1	3597	Ivy League
2004	1	3597	Metro Atlantic
2004	1	3597	Mid-American
2004	1	3597	Mid-Eastern
2004	1	3597	Missouri Valley
2004	1	3597	Mountain West
2004	1	3597	Northeast
2004	1	3597	OVC
2004	1	3597	Pac-12
2004	1	3597	Patriot
2004	1	3597	Southeastern
2004	1	3597	Southern
2004	1	3597	Southland
2004	1	3597	Southwestern
2004	1	3597	Summit League
2004	1	3597	Sun Belt
2004	1	3597	West Coast
2004	1	3597	Western Athletic
2003	1	3613	AAC
2003	1	3613	ASUN
2003	1	3613	America East
2003	1	3613	Atlantic 10
2003	1	3613	Atlantic Coast
2003	1	3613	Big 12
2003	1	3613	Big Sky
2003	1	3613	Big South
2003	1	3613	Big Ten
2003	1	3613	Big West
2003	1	3613	Colonial
2003	1	3613	Conference USA
2003	1	3613	Horizon
2003	1	3613	Ivy League
2003	1	3613	Metro Atlantic
2003	1	3613	Mid-American
2003	1	3613	Mid-Eastern
2003	1	3613	Missouri Valley
2003	1	3613	Mountain West
2003	1	3613	Northeast
2003	1	3613	OVC
2003	1	3613	Pac-12
2003	1	3613	Patriot
2003	1	3613	Southeastern
2003	1	3613	Southern
2003	1	3613	Southland
2003	1	3613	Southwestern
2003	1	3613	Summit League
2003	1	3613	Sun Belt
2003	1	3613	West Coast
2003	1	3613	Western Athletic
2002	1	3626	AAC
2002	1	3626	ASUN
2002	1	3626	America East
2002	1	3626	Atlantic 10
2002	1	3626	Atlantic Coast
2002	1	3626	Big 12
2002	1	3626	Big Sky
2002	1	3626	Big South
2002	1	3626	Big Ten
2002	1	3626	Big West
2002	1	3626	Colonial
2002	1	3626	Conference USA
2002	1	3626	Horizon
2002	1	3626	Ivy League
2002	1	3626	Metro Atlantic
2002	1	3626	Mid-American
2002	1	3626	Mid-Eastern
2002	1	3626	Missouri Valley
2002	1	3626	Mountain West
2002	1	3626	Northeast
2002	1	3626	OVC
2002	1	3626	Pac-12
2002	1	3626	Patriot
2002	1	3626	Southeastern
2002	1	3626	Southern
2002	1	3626	Southland
2002	1	3626	Southwestern
2002	1	3626	Summit League
2002	1	3626	Sun Belt
2002	1	3626	West Coast
2002	1	3626	Western Athletic
2017	2	17944	CACC
2017	2	17944	CCAA
2017	2	17944	CIAA
2017	2	17944	Conference Carolinas
2017	2	17944	DII Independent
2017	2	17944	ECC
2017	2	17944	G-MAC
2017	2	17944	GAC
2017	2	17944	GLIAC
2017	2	17944	GLVC
2017	2	17944	Great Northwest
2017	2	17944	Gulf South
2017	2	17944	Heartland
2017	2	17944	Lone Star
2017	2	17944	MEC
2017	2	17944	MIAA
2017	2	17944	Northeast-10
2017	2	17944	Northern Sun
2017	2	17944	PSAC
2017	2	17944	Pacific West
2017	2	17944	Peach Belt
2017	2	17944	RMAC
2017	2	17944	SIAC
2017	2	17944	South Atlantic
2017	2	17944	Sunshine State
2016	2	14984	CACC
2016	2	14984	CCAA
2016	2	14984	CIAA
2016	2	14984	Conference Carolinas
2016	2	14984	DII Independent
2016	2	14984	ECC
2016	2	14984	G-MAC
2016	2	14984	GAC
2016	2	14984	GLIAC
2016	2	14984	GLVC
2016	2	14984	Great Northwest
2016	2	14984	Gulf South
2016	2	14984	Heartland
2016	2	14984	Lone Star
2016	2	14984	MEC
2016	2	14984	MIAA
2016	2	14984	Northeast-10
2016	2	14984	Northern Sun
2016	2	14984	PSAC
2016	2	14984	Pacific West
2016	2	14984	Peach Belt
2016	2	14984	RMAC
2016	2	14984	SIAC
2016	2	14984	South Atlantic
2016	2	14984	Sunshine State
2015	2	12759	CACC
2015	2	12759	CCAA
2015	2	12759	CIAA
2015	2	12759	Conference Carolinas
2015	2	12759	ECC
2015	2	12759	G-MAC
2015	2	12759	GAC
2015	2	12759	GLIAC
2015	2	12759	GLVC
2015	2	12759	Great Northwest
2015	2	12759	Gulf South
2015	2	12759	Heartland
2015	2	12759	Independent
2015	2	12759	Lone Star
2015	2	12759	MEC
2015	2	12759	MIAA
2015	2	12759	Northeast-10
2015	2	12759	Northern Sun
2015	2	12759	PSAC
2015	2	12759	Pacific West
2015	2	12759	Peach Belt
2015	2	12759	RMAC
2015	2	12759	SIAC
2015	2	12759	South Atlantic
2015	2	12759	Sunshine State
2014	2	10611	CACC
2014	2	10611	CCAA
2014	2	10611	CIAA
2014	2	10611	Conference Carolinas
2014	2	10611	ECC
2014	2	10611	G-MAC
2014	2	10611	GAC
2014	2	10611	GLIAC
2014	2	10611	GLVC
2014	2	10611	Great Northwest
2014	2	10611	Gulf South
2014	2	10611	Heartland
2014	2	10611	Independent
2014	2	10611	Lone Star
2014	2	10611	MEC
2014	2	10611	MIAA
2014	2	10611	Northeast-10
2014	2	10611	Northern Sun
2014	2	10611	PSAC
2014	2	10611	Pacific West
2014	2	10611	Peach Belt
2014	2	10611	RMAC
2014	2	10611	SIAC
2014	2	10611	South Atlantic
2014	2	10611	Sunshine State
2013	2	9530	CACC
2013	2	9530	CCAA
2013	2	9530	CIAA
2013	2	9530	Conference Carolinas
2013	2	9530	ECC
2013	2	9530	G-MAC
2013	2	9530	GAC
2013	2	9530	GLIAC
2013	2	9530	GLVC
2013	2	9530	Great Northwest
2013	2	9530	Gulf South
2013	2	9530	Heartland
2013	2	9530	Lone Star
2013	2	9530	MIAA
2013	2	9530	Northeast-10
2013	2	9530	Northern Sun
2013	2	9530	PSAC
2013	2	9530	Pacific West
2013	2	9530	Peach Belt
2013	2	9530	RMAC
2013	2	9530	SIAC
2013	2	9530	South Atlantic
2013	2	9530	Sunshine State
2013	2	9530	WVIAC
2012	2	8150	CACC
2012	2	8150	CCAA
2012	2	8150	CIAA
2012	2	8150	Conference Carolinas
2012	2	8150	ECC
2012	2	8150	GAC
2012	2	8150	GLIAC
2012	2	8150	GLVC
2012	2	8150	GWC
2012	2	8150	Great Northwest
2012	2	8150	Gulf South
2012	2	8150	Heartland
2012	2	8150	Lone Star
2012	2	8150	MIAA
2012	2	8150	Northeast-10
2012	2	8150	Northern Sun
2012	2	8150	PSAC
2012	2	8150	Pacific West
2012	2	8150	Peach Belt
2012	2	8150	RMAC
2012	2	8150	SIAC
2012	2	8150	South Atlantic
2012	2	8150	Sunshine State
2012	2	8150	WVIAC
2011	2	7789	CACC
2011	2	7789	CCAA
2011	2	7789	CIAA
2011	2	7789	Conference Carolinas
2011	2	7789	ECC
2011	2	7789	GLIAC
2011	2	7789	GLVC
2011	2	7789	Great Northwest
2011	2	7789	Gulf South
2011	2	7789	Heartland
2011	2	7789	Lone Star
2011	2	7789	MIAA
2011	2	7789	Northeast-10
2011	2	7789	Northern Sun
2011	2	7789	PSAC
2011	2	7789	Pacific West
2011	2	7789	Peach Belt
2011	2	7789	RMAC
2011	2	7789	SIAC
2011	2	7789	South Atlantic
2011	2	7789	Sunshine State
2011	2	7789	WVIAC
2010	2	6925	CACC
2010	2	6925	CCAA
2010	2	6925	CIAA
2010	2	6925	Conference Carolinas
2010	2	6925	ECC
2010	2	6925	GLIAC
2010	2	6925	GLVC
2010	2	6925	Great Northwest
2010	2	6925	Gulf South
2010	2	6925	Heartland
2010	2	6925	Lone Star
2010	2	6925	MIAA
2010	2	6925	Northeast-10
2010	2	6925	Northern Sun
2010	2	6925	PSAC
2010	2	6925	Pacific West
2010	2	6925	Peach Belt
2010	2	6925	RMAC
2010	2	6925	SIAC
2010	2	6925	South Atlantic
2010	2	6925	Sunshine State
2010	2	6925	WVIAC
2009	2	6229	CACC
2009	2	6229	CCAA
2009	2	6229	CIAA
2009	2	6229	Conference Carolinas
2009	2	6229	ECC
2009	2	6229	GLIAC
2009	2	6229	GLVC
2009	2	6229	Great Northwest
2009	2	6229	Gulf South
2009	2	6229	Heartland
2009	2	6229	Lone Star
2009	2	6229	MIAA
2009	2	6229	Northeast-10
2009	2	6229	Northern Sun
2009	2	6229	PSAC
2009	2	6229	Pacific West
2009	2	6229	Peach Belt
2009	2	6229	RMAC
2009	2	6229	SIAC
2009	2	6229	South Atlantic
2009	2	6229	Sunshine State
2009	2	6229	WVIAC
2008	2	5190	CACC
2008	2	5190	CCAA
2008	2	5190	CIAA
2008	2	5190	Conference Carolinas
2008	2	5190	ECC
2008	2	5190	GLIAC
2008	2	5190	GLVC
2008	2	5190	Great Northwest
2008	2	5190	Gulf South
2008	2	5190	Heartland
2008	2	5190	Lone Star
2008	2	5190	MIAA
2008	2	5190	NCC
2008	2	5190	Northeast-10
2008	2	5190	Northern Sun
2008	2	5190	PSAC
2008	2	5190	Pacific West
2008	2	5190	Peach Belt
2008	2	5190	RMAC
2008	2	5190	SIAC
2008	2	5190	South Atlantic
2008	2	5190	Sunshine State
2008	2	5190	WVIAC
2007	2	4895	CACC
2007	2	4895	CCAA
2007	2	4895	CIAA
2007	2	4895	Conference Carolinas
2007	2	4895	ECC
2007	2	4895	GLIAC
2007	2	4895	GLVC
2007	2	4895	Great Northwest
2007	2	4895	Gulf South
2007	2	4895	Heartland
2007	2	4895	Lone Star
2007	2	4895	MIAA
2007	2	4895	NCC
2007	2	4895	Northeast-10
2007	2	4895	Northern Sun
2007	2	4895	PSAC
2007	2	4895	Pacific West
2007	2	4895	Peach Belt
2007	2	4895	RMAC
2007	2	4895	SIAC
2007	2	4895	South Atlantic
2007	2	4895	Sunshine State
2007	2	4895	WVIAC
2006	2	4934	CACC
2006	2	4934	CCAA
2006	2	4934	CIAA
2006	2	4934	Conference Carolinas
2006	2	4934	ECC
2006	2	4934	GLIAC
2006	2	4934	GLVC
2006	2	4934	Great Northwest
2006	2	4934	Gulf South
2006	2	4934	Heartland
2006	2	4934	Lone Star
2006	2	4934	MIAA
2006	2	4934	NCC
2006	2	4934	Northeast-10
2006	2	4934	Northern Sun
2006	2	4934	PSAC
2006	2	4934	Pacific West
2006	2	4934	Peach Belt
2006	2	4934	RMAC
2006	2	4934	SIAC
2006	2	4934	South Atlantic
2006	2	4934	Sunshine State
2006	2	4934	WVIAC
2005	2	5189	CACC
2005	2	5189	CCAA
2005	2	5189	CIAA
2005	2	5189	Conference Carolinas
2005	2	5189	ECC
2005	2	5189	GLIAC
2005	2	5189	GLVC
2005	2	5189	Great Northwest
2005	2	5189	Gulf South
2005	2	5189	Heartland
2005	2	5189	Lone Star
2005	2	5189	MIAA
2005	2	5189	NCC
2005	2	5189	Northeast-10
2005	2	5189	Northern Sun
2005	2	5189	PSAC
2005	2	5189	Pacific West
2005	2	5189	Peach Belt
2005	2	5189	RMAC
2005	2	5189	SIAC
2005	2	5189	South Atlantic
2005	2	5189	Sunshine State
2005	2	5189	WVIAC
2004	2	5361	CACC
2004	2	5361	CCAA
2004	2	5361	CIAA
2004	2	5361	Conference Carolinas
2004	2	5361	ECC
2004	2	5361	GLIAC
2004	2	5361	GLVC
2004	2	5361	Great Northwest
2004	2	5361	Gulf South
2004	2	5361	Heartland
2004	2	5361	Independent
2004	2	5361	Lone Star
2004	2	5361	MIAA
2004	2	5361	NCC
2004	2	5361	Northeast-10
2004	2	5361	Northern Sun
2004	2	5361	PSAC
2004	2	5361	Pacific West
2004	2	5361	Peach Belt
2004	2	5361	RMAC
2004	2	5361	SIAC
2004	2	5361	South Atlantic
2004	2	5361	Sunshine State
2004	2	5361	WVIAC
2003	2	5348	CACC
2003	2	5348	CCAA
2003	2	5348	CIAA
2003	2	5348	Conference Carolinas
2003	2	5348	ECC
2003	2	5348	GLIAC
2003	2	5348	GLVC
2003	2	5348	Great Northwest
2003	2	5348	Gulf South
2003	2	5348	Heartland
2003	2	5348	Independent
2003	2	5348	Lone Star
2003	2	5348	MIAA
2003	2	5348	NCC
2003	2	5348	Northeast-10
2003	2	5348	Northern Sun
2003	2	5348	PSAC
2003	2	5348	Pacific West
2003	2	5348	Peach Belt
2003	2	5348	RMAC
2003	2	5348	SIAC
2003	2	5348	South Atlantic
2003	2	5348	Sunshine State
2003	2	5348	WVIAC
2002	2	5336	CACC
2002	2	5336	CCAA
2002	2	5336	CIAA
2002	2	5336	Conference Carolinas
2002	2	5336	ECC
2002	2	5336	GLIAC
2002	2	5336	GLVC
2002	2	5336	Great Northwest
2002	2	5336	Gulf South
2002	2	5336	Heartland
2002	2	5336	Independent
2002	2	5336	Lone Star
2002	2	5336	MIAA
2002	2	5336	NCC
2002	2	5336	Northeast-10
2002	2	5336	Northern Sun
2002	2	5336	PSAC
2002	2	5336	Pacific West
2002	2	5336	Peach Belt
2002	2	5336	RMAC
2002	2	5336	SIAC
2002	2	5336	South Atlantic
2002	2	5336	Sunshine State
2002	2	5336	WVIAC
2017	3	17878	Allegheny Mountain CC
2017	3	17878	American Southwest
2017	3	17878	CAC
2017	3	17878	CCC
2017	3	17878	CCIW
2017	3	17878	CSAC
2017	3	17878	CUNYAC
2017	3	17878	Centennial
2017	3	17878	DIII Independent
2017	3	17878	Empire 8
2017	3	17878	Great Northeast
2017	3	17878	HCAC
2017	3	17878	IIAC
2017	3	17878	Landmark
2017	3	17878	Liberty League
2017	3	17878	Little East
2017	3	17878	MAC Commonwealth
2017	3	17878	MAC Freedom
2017	3	17878	MASCAC
2017	3	17878	Michigan Intercol.
2017	3	17878	Midwest Conference
2017	3	17878	Minn. Intercol.
2017	3	17878	NEAC
2017	3	17878	NECC
2017	3	17878	NESCAC
2017	3	17878	NEWMAC
2017	3	17878	NJAC
2017	3	17878	North Atlantic
2017	3	17878	North Coast
2017	3	17878	Northern Athletics
2017	3	17878	Northwest
2017	3	17878	ODAC
2017	3	17878	Ohio AC
2017	3	17878	Presidents` AC
2017	3	17878	SAA
2017	3	17878	SCAC
2017	3	17878	SCIAC
2017	3	17878	SLIAC
2017	3	17878	SUNYAC
2017	3	17878	Skyline
2017	3	17878	UAA
2017	3	17878	UMAC
2017	3	17878	USA South
2017	3	17878	WIAC
2016	3	16407	Allegheny Mountain CC
2016	3	16407	American Southwest
2016	3	16407	CAC
2016	3	16407	CCC
2016	3	16407	CCIW
2016	3	16407	CSAC
2016	3	16407	CUNYAC
2016	3	16407	Centennial
2016	3	16407	DIII Independent
2016	3	16407	Empire 8
2016	3	16407	Great Northeast
2016	3	16407	HCAC
2016	3	16407	IIAC
2016	3	16407	Landmark
2016	3	16407	Liberty League
2016	3	16407	Little East
2016	3	16407	MAC Commonwealth
2016	3	16407	MAC Freedom
2016	3	16407	MASCAC
2016	3	16407	Michigan Intercol.
2016	3	16407	Midwest Conference
2016	3	16407	Minn. Intercol.
2016	3	16407	NEAC
2016	3	16407	NECC
2016	3	16407	NESCAC
2016	3	16407	NEWMAC
2016	3	16407	NJAC
2016	3	16407	North Atlantic
2016	3	16407	North Coast
2016	3	16407	Northern Athletics
2016	3	16407	Northwest
2016	3	16407	ODAC
2016	3	16407	Ohio AC
2016	3	16407	Presidents` AC
2016	3	16407	SAA
2016	3	16407	SCAC
2016	3	16407	SCIAC
2016	3	16407	SLIAC
2016	3	16407	SUNYAC
2016	3	16407	Skyline
2016	3	16407	UAA
2016	3	16407	UMAC
2016	3	16407	USA South
2016	3	16407	WIAC
2015	3	14247	Allegheny Mountain CC
2015	3	14247	American Southwest
2015	3	14247	CAC
2015	3	14247	CCC
2015	3	14247	CCIW
2015	3	14247	CSAC
2015	3	14247	CUNYAC
2015	3	14247	Centennial
2015	3	14247	DIII Independent
2015	3	14247	Division III Independents
2015	3	14247	Empire 8
2015	3	14247	Great Northeast
2015	3	14247	HCAC
2015	3	14247	IIAC
2015	3	14247	Independent
2015	3	14247	Landmark
2015	3	14247	Liberty League
2015	3	14247	Little East
2015	3	14247	MAC Commonwealth
2015	3	14247	MAC Freedom
2015	3	14247	MASCAC
2015	3	14247	Michigan Intercol.
2015	3	14247	Midwest Conference
2015	3	14247	Minn. Intercol.
2015	3	14247	NEAC
2015	3	14247	NECC
2015	3	14247	NESCAC
2015	3	14247	NEWMAC
2015	3	14247	NJAC
2015	3	14247	North Atlantic
2015	3	14247	North Coast
2015	3	14247	Northern Athletics
2015	3	14247	Northwest
2015	3	14247	ODAC
2015	3	14247	Ohio AC
2015	3	14247	Presidents` AC
2015	3	14247	SAA
2015	3	14247	SCAC
2015	3	14247	SCIAC
2015	3	14247	SLIAC
2015	3	14247	SUNYAC
2015	3	14247	Skyline
2015	3	14247	UAA
2015	3	14247	UMAC
2015	3	14247	USA South
2015	3	14247	WIAC
2014	3	10614	Allegheny Mountain CC
2014	3	10614	American Southwest
2014	3	10614	CAC
2014	3	10614	CCC
2014	3	10614	CCIW
2014	3	10614	CSAC
2014	3	10614	CUNYAC
2014	3	10614	Centennial
2014	3	10614	DIII Independent
2014	3	10614	Division III Independents
2014	3	10614	Empire 8
2014	3	10614	Great Northeast
2014	3	10614	HCAC
2014	3	10614	IIAC
2014	3	10614	Independent
2014	3	10614	Landmark
2014	3	10614	Liberty League
2014	3	10614	Little East
2014	3	10614	MAC Commonwealth
2014	3	10614	MAC Freedom
2014	3	10614	MASCAC
2014	3	10614	Michigan Intercol.
2014	3	10614	Midwest Conference
2014	3	10614	Minn. Intercol.
2014	3	10614	NEAC
2014	3	10614	NECC
2014	3	10614	NESCAC
2014	3	10614	NEWMAC
2014	3	10614	NJAC
2014	3	10614	North Atlantic
2014	3	10614	North Coast
2014	3	10614	Northern Athletics
2014	3	10614	Northwest
2014	3	10614	ODAC
2014	3	10614	Ohio AC
2014	3	10614	Presidents` AC
2014	3	10614	SAA
2014	3	10614	SCAC
2014	3	10614	SCIAC
2014	3	10614	SLIAC
2014	3	10614	SUNYAC
2014	3	10614	Skyline
2014	3	10614	UAA
2014	3	10614	UMAC
2014	3	10614	USA South
2014	3	10614	WIAC
2013	3	9854	Allegheny Mountain CC
2013	3	9854	American Southwest
2013	3	9854	CAC
2013	3	9854	CCC
2013	3	9854	CCIW
2013	3	9854	CSAC
2013	3	9854	CUNYAC
2013	3	9854	Centennial
2013	3	9854	DIII Independent
2013	3	9854	Division III Independents
2013	3	9854	Empire 8
2013	3	9854	Great Northeast
2013	3	9854	HCAC
2013	3	9854	IIAC
2013	3	9854	Independent
2013	3	9854	Landmark
2013	3	9854	Liberty League
2013	3	9854	Little East
2013	3	9854	MAC Commonwealth
2013	3	9854	MAC Freedom
2013	3	9854	MASCAC
2013	3	9854	Michigan Intercol.
2013	3	9854	Midwest Conference
2013	3	9854	Minn. Intercol.
2013	3	9854	NEAC
2013	3	9854	NECC
2013	3	9854	NESCAC
2013	3	9854	NEWMAC
2013	3	9854	NJAC
2013	3	9854	North Atlantic
2013	3	9854	North Coast
2013	3	9854	Northern Athletics
2013	3	9854	Northwest
2013	3	9854	ODAC
2013	3	9854	Ohio AC
2013	3	9854	Presidents` AC
2013	3	9854	SAA
2013	3	9854	SCAC
2013	3	9854	SCIAC
2013	3	9854	SLIAC
2013	3	9854	SUNYAC
2013	3	9854	Skyline
2013	3	9854	UAA
2013	3	9854	UMAC
2013	3	9854	USA South
2013	3	9854	WIAC
2012	3	8857	Allegheny Mountain CC
2012	3	8857	American Southwest
2012	3	8857	CAC
2012	3	8857	CCC
2012	3	8857	CCIW
2012	3	8857	CSAC
2012	3	8857	CUNYAC
2012	3	8857	Centennial
2012	3	8857	Division III Independents
2012	3	8857	Empire 8
2012	3	8857	Great Northeast
2012	3	8857	Great South
2012	3	8857	HCAC
2012	3	8857	IIAC
2012	3	8857	Landmark
2012	3	8857	Liberty League
2012	3	8857	Little East
2012	3	8857	MAC Commonwealth
2012	3	8857	MAC Freedom
2012	3	8857	MASCAC
2012	3	8857	Michigan Intercol.
2012	3	8857	Midwest Conference
2012	3	8857	Minn. Intercol.
2012	3	8857	NEAC
2012	3	8857	NECC
2012	3	8857	NESCAC
2012	3	8857	NEWMAC
2012	3	8857	NJAC
2012	3	8857	North Atlantic
2012	3	8857	North Coast
2012	3	8857	Northern Athletics
2012	3	8857	Northwest
2012	3	8857	ODAC
2012	3	8857	Ohio AC
2012	3	8857	Presidents` AC
2012	3	8857	SCAC
2012	3	8857	SCIAC
2012	3	8857	SLIAC
2012	3	8857	SUNYAC
2012	3	8857	Skyline
2012	3	8857	UAA
2012	3	8857	UMAC
2012	3	8857	USA South
2012	3	8857	WIAC
2011	3	7990	Allegheny Mountain CC
2011	3	7990	American Southwest
2011	3	7990	CAC
2011	3	7990	CCC
2011	3	7990	CCIW
2011	3	7990	CSAC
2011	3	7990	CUNYAC
2011	3	7990	Centennial
2011	3	7990	Division III Independents
2011	3	7990	Empire 8
2011	3	7990	Great Northeast
2011	3	7990	Great South
2011	3	7990	HCAC
2011	3	7990	IIAC
2011	3	7990	Landmark
2011	3	7990	Liberty League
2011	3	7990	Little East
2011	3	7990	MAC Commonwealth
2011	3	7990	MAC Freedom
2011	3	7990	MASCAC
2011	3	7990	Michigan Intercol.
2011	3	7990	Midwest Conference
2011	3	7990	Minn. Intercol.
2011	3	7990	NEAC
2011	3	7990	NECC
2011	3	7990	NESCAC
2011	3	7990	NEWMAC
2011	3	7990	NJAC
2011	3	7990	North Atlantic
2011	3	7990	North Coast
2011	3	7990	Northern Athletics
2011	3	7990	Northwest
2011	3	7990	ODAC
2011	3	7990	Ohio AC
2011	3	7990	Presidents` AC
2011	3	7990	SCAC
2011	3	7990	SCIAC
2011	3	7990	SLIAC
2011	3	7990	SUNYAC
2011	3	7990	Skyline
2011	3	7990	UAA
2011	3	7990	UMAC
2011	3	7990	USA South
2011	3	7990	WIAC
2010	3	7288	Allegheny Mountain CC
2010	3	7288	American Southwest
2010	3	7288	CAC
2010	3	7288	CCC
2010	3	7288	CCIW
2010	3	7288	CSAC
2010	3	7288	CUNYAC
2010	3	7288	Centennial
2010	3	7288	Division III Independents
2010	3	7288	Empire 8
2010	3	7288	Great Northeast
2010	3	7288	Great South
2010	3	7288	HCAC
2010	3	7288	IIAC
2010	3	7288	Landmark
2010	3	7288	Liberty League
2010	3	7288	Little East
2010	3	7288	MAC Commonwealth
2010	3	7288	MAC Freedom
2010	3	7288	MASCAC
2010	3	7288	Michigan Intercol.
2010	3	7288	Midwest Conference
2010	3	7288	Minn. Intercol.
2010	3	7288	NEAC
2010	3	7288	NECC
2010	3	7288	NESCAC
2010	3	7288	NEWMAC
2010	3	7288	NJAC
2010	3	7288	North Atlantic
2010	3	7288	North Coast
2010	3	7288	Northern Athletics
2010	3	7288	Northwest
2010	3	7288	ODAC
2010	3	7288	Ohio AC
2010	3	7288	Presidents` AC
2010	3	7288	SCAC
2010	3	7288	SCIAC
2010	3	7288	SLIAC
2010	3	7288	SUNYAC
2010	3	7288	Skyline
2010	3	7288	UAA
2010	3	7288	UMAC
2010	3	7288	USA South
2010	3	7288	WIAC
2009	3	6205	Allegheny Mountain CC
2009	3	6205	American Southwest
2009	3	6205	CAC
2009	3	6205	CCC
2009	3	6205	CCIW
2009	3	6205	CSAC
2009	3	6205	CUNYAC
2009	3	6205	Centennial
2009	3	6205	Division III Independents
2009	3	6205	Empire 8
2009	3	6205	Great Northeast
2009	3	6205	Great South
2009	3	6205	HCAC
2009	3	6205	IIAC
2009	3	6205	Landmark
2009	3	6205	Liberty League
2009	3	6205	Little East
2009	3	6205	MAC Commonwealth
2009	3	6205	MAC Freedom
2009	3	6205	MASCAC
2009	3	6205	Michigan Intercol.
2009	3	6205	Midwest Conference
2009	3	6205	Minn. Intercol.
2009	3	6205	NEAC
2009	3	6205	NECC
2009	3	6205	NESCAC
2009	3	6205	NEWMAC
2009	3	6205	NJAC
2009	3	6205	North Atlantic
2009	3	6205	North Coast
2009	3	6205	Northern Athletics
2009	3	6205	Northwest
2009	3	6205	ODAC
2009	3	6205	Ohio AC
2009	3	6205	Presidents` AC
2009	3	6205	SCAC
2009	3	6205	SCIAC
2009	3	6205	SLIAC
2009	3	6205	SUNYAC
2009	3	6205	Skyline
2009	3	6205	UAA
2009	3	6205	UMAC
2009	3	6205	USA South
2009	3	6205	WIAC
2008	3	5755	Allegheny Mountain CC
2008	3	5755	American Southwest
2008	3	5755	CAC
2008	3	5755	CCC
2008	3	5755	CCIW
2008	3	5755	CSAC
2008	3	5755	CUNYAC
2008	3	5755	Centennial
2008	3	5755	Division III Independents
2008	3	5755	Empire 8
2008	3	5755	Great Northeast
2008	3	5755	Great South
2008	3	5755	HCAC
2008	3	5755	IIAC
2008	3	5755	Landmark
2008	3	5755	Liberty League
2008	3	5755	Little East
2008	3	5755	MAC Commonwealth
2008	3	5755	MAC Freedom
2008	3	5755	MASCAC
2008	3	5755	Michigan Intercol.
2008	3	5755	Midwest Conference
2008	3	5755	Minn. Intercol.
2008	3	5755	NEAC
2008	3	5755	NESCAC
2008	3	5755	NEWMAC
2008	3	5755	NJAC
2008	3	5755	North Atlantic
2008	3	5755	North Coast
2008	3	5755	Northern Athletics
2008	3	5755	Northwest
2008	3	5755	ODAC
2008	3	5755	Ohio AC
2008	3	5755	Presidents` AC
2008	3	5755	SCAC
2008	3	5755	SCIAC
2008	3	5755	SLIAC
2008	3	5755	SUNYAC
2008	3	5755	Skyline
2008	3	5755	UAA
2008	3	5755	USA South
2008	3	5755	Upper Midwest
2008	3	5755	WIAC
2007	3	4919	Allegheny Mountain
2007	3	4919	American Southwest
2007	3	4919	CAC
2007	3	4919	CCC
2007	3	4919	CCIW
2007	3	4919	CUNYAC
2007	3	4919	Centennial
2007	3	4919	Empire 8
2007	3	4919	Great Northeast
2007	3	4919	HCAC
2007	3	4919	IIAC
2007	3	4919	Liberty League
2007	3	4919	Little East
2007	3	4919	MAC Commonwealth
2007	3	4919	MAC Freedom
2007	3	4919	MASCAC
2007	3	4919	Michigan Intercol.
2007	3	4919	Midwest Conference
2007	3	4919	Minn. Intercol.
2007	3	4919	NEAC
2007	3	4919	NESCAC
2007	3	4919	NEWMAC
2007	3	4919	NJAC
2007	3	4919	North Atlantic
2007	3	4919	North Coast
2007	3	4919	Northern Athletics
2007	3	4919	Northwest
2007	3	4919	ODAC
2007	3	4919	Ohio AC
2007	3	4919	Presidents` AC
2007	3	4919	SCAC
2007	3	4919	SCIAC
2007	3	4919	SLIAC
2007	3	4919	SUNYAC
2007	3	4919	Skyline
2007	3	4919	UAA
2007	3	4919	USA South
2007	3	4919	Upper Midwest
2007	3	4919	WIAC
2006	3	3875	Allegheny Mountain
2006	3	3875	American Southwest
2006	3	3875	CAC
2006	3	3875	CCC
2006	3	3875	CCIW
2006	3	3875	CSAC
2006	3	3875	CUNYAC
2006	3	3875	Centennial
2006	3	3875	Division III Independents
2006	3	3875	Empire 8
2006	3	3875	Great Northeast
2006	3	3875	HCAC
2006	3	3875	IIAC
2006	3	3875	Lake Michigan
2006	3	3875	Liberty League
2006	3	3875	Little East
2006	3	3875	MAC Commonwealth
2006	3	3875	MAC Freedom
2006	3	3875	MASCAC
2006	3	3875	Michigan Intercol.
2006	3	3875	Midwest Conference
2006	3	3875	Minn. Intercol.
2006	3	3875	NEAC
2006	3	3875	NESCAC
2006	3	3875	NEWMAC
2006	3	3875	NIIC
2006	3	3875	NJAC
2006	3	3875	North Atlantic
2006	3	3875	North Coast
2006	3	3875	Northwest
2006	3	3875	ODAC
2006	3	3875	Ohio AC
2006	3	3875	Presidents` AC
2006	3	3875	SCAC
2006	3	3875	SCIAC
2006	3	3875	SLIAC
2006	3	3875	SUNYAC
2006	3	3875	Skyline
2006	3	3875	UAA
2006	3	3875	USA South
2006	3	3875	Upper Midwest
2006	3	3875	WIAC
2005	3	4948	Allegheny Mountain CC
2005	3	4948	American Southwest
2005	3	4948	CAC
2005	3	4948	CCC
2005	3	4948	CCIW
2005	3	4948	CSAC
2005	3	4948	CUNYAC
2005	3	4948	Centennial
2005	3	4948	Empire 8
2005	3	4948	Great Northeast
2005	3	4948	HCAC
2005	3	4948	IIAC
2005	3	4948	Lake Michigan
2005	3	4948	Liberty League
2005	3	4948	Little East
2005	3	4948	MAC Commonwealth
2005	3	4948	MAC Freedom
2005	3	4948	MASCAC
2005	3	4948	Michigan Intercol.
2005	3	4948	Midwest Conference
2005	3	4948	Minn. Intercol.
2005	3	4948	NESCAC
2005	3	4948	NEWMAC
2005	3	4948	NJAC
2005	3	4948	North Atlantic
2005	3	4948	North Coast
2005	3	4948	Northwest
2005	3	4948	ODAC
2005	3	4948	Ohio AC
2005	3	4948	Presidents` AC
2005	3	4948	SCAC
2005	3	4948	SCIAC
2005	3	4948	SLIAC
2005	3	4948	SUNYAC
2005	3	4948	Skyline
2005	3	4948	UAA
2005	3	4948	USA South
2005	3	4948	WIAC
2004	3	5019	AWCC
2004	3	5019	Allegheny Mountain CC
2004	3	5019	American Southwest
2004	3	5019	CAC
2004	3	5019	CCC
2004	3	5019	CCIW
2004	3	5019	CSAC
2004	3	5019	CUNYAC
2004	3	5019	Centennial
2004	3	5019	ECAC-III
2004	3	5019	Empire 8
2004	3	5019	Great Northeast
2004	3	5019	HCAC
2004	3	5019	IIAC
2004	3	5019	Independent
2004	3	5019	Lake Michigan
2004	3	5019	Liberty League
2004	3	5019	Little East
2004	3	5019	MAC Commonwealth
2004	3	5019	MAC Freedom
2004	3	5019	MASCAC
2004	3	5019	Michigan Intercol.
2004	3	5019	Midwest Conference
2004	3	5019	Minn. Intercol.
2004	3	5019	NESCAC
2004	3	5019	NEWMAC
2004	3	5019	NIIC
2004	3	5019	NJAC
2004	3	5019	North Coast
2004	3	5019	Northwest
2004	3	5019	ODAC
2004	3	5019	Ohio AC
2004	3	5019	Presidents` AC
2004	3	5019	SCAC
2004	3	5019	SCIAC
2004	3	5019	SLIAC
2004	3	5019	SUNYAC
2004	3	5019	Skyline
2004	3	5019	UAA
2004	3	5019	USA South
2004	3	5019	WIAC
2003	3	5384	Allegheny Mountain CC
2003	3	5384	American Southwest
2003	3	5384	CAC
2003	3	5384	CCC
2003	3	5384	CCIW
2003	3	5384	CSAC
2003	3	5384	CUNYAC
2003	3	5384	Centennial
2003	3	5384	ECAC-III
2003	3	5384	Empire 8
2003	3	5384	Great Northeast
2003	3	5384	HCAC
2003	3	5384	IIAC
2003	3	5384	Independent
2003	3	5384	Lake Michigan
2003	3	5384	Liberty League
2003	3	5384	Little East
2003	3	5384	MAC Commonwealth
2003	3	5384	MAC Freedom
2003	3	5384	MASCAC
2003	3	5384	Michigan Intercol.
2003	3	5384	Midwest Conference
2003	3	5384	Minn. Intercol.
2003	3	5384	NESCAC
2003	3	5384	NEWMAC
2003	3	5384	NIIC
2003	3	5384	NJAC
2003	3	5384	North Coast
2003	3	5384	Northwest
2003	3	5384	ODAC
2003	3	5384	Ohio AC
2003	3	5384	Presidents` AC
2003	3	5384	SCAC
2003	3	5384	SCIAC
2003	3	5384	SLIAC
2003	3	5384	SUNYAC
2003	3	5384	Skyline
2003	3	5384	UAA
2003	3	5384	USA South
2003	3	5384	WIAC
2002	3	5372	Allegheny Mountain CC
2002	3	5372	American Southwest
2002	3	5372	CAC
2002	3	5372	CCC
2002	3	5372	CCIW
2002	3	5372	CSAC
2002	3	5372	CUNYAC
2002	3	5372	Centennial
2002	3	5372	ECAC-III
2002	3	5372	Empire 8
2002	3	5372	Great Northeast
2002	3	5372	HCAC
2002	3	5372	IIAC
2002	3	5372	Independent
2002	3	5372	Lake Michigan
2002	3	5372	Liberty League
2002	3	5372	Little East
2002	3	5372	MAC Commonwealth
2002	3	5372	MAC Freedom
2002	3	5372	MASCAC
2002	3	5372	Michigan Intercol.
2002	3	5372	Midwest Conference
2002	3	5372	Minn. Intercol.
2002	3	5372	NESCAC
2002	3	5372	NEWMAC
2002	3	5372	NIIC
2002	3	5372	NJAC
2002	3	5372	North Coast
2002	3	5372	Northwest
2002	3	5372	ODAC
2002	3	5372	Ohio AC
2002	3	5372	Presidents` AC
2002	3	5372	SCAC
2002	3	5372	SCIAC
2002	3	5372	SLIAC
2002	3	5372	SUNYAC
2002	3	5372	Skyline
2002	3	5372	UAA
2002	3	5372	USA South
2002	3	5372	WIAC
